Tiertza,Whylie,756-657-2536,Manutapen,714 Valley Edge Way,ZCGYbQiQ-50:958
Olenolin,Harrigan,336-674-5623,Rancabuaya,33 Sherman Center,Bo6OCq20-32:326
Patricia,Pollins,953-894-1722,Pakxong,720 Swallow Hill,Tmhxp71X-16:205
Lisa,Foltin,913-928-4472,Couto,60 Canary Hill,SAKP89Dm-46:578
Cody,Hacaud,839-404-0870,Lindome,471 Alpine Way,FweOF3cN-10:442
Torrance,McCurtin,608-498-3482,Yerofey Pavlovich,5 Bobwhite Way,NLQZhUA2-53:507
Adelle,Matanin,365-459-0453,Suç,357 Forster Place,QBFJVyuT-40:394
Trevar,Bineham,365-225-8964,Luodong,39336 Emmet Pass,EJUVa6xU-01:103
Celinka,Luthwood,938-289-9872,Dzyatlava,4287 Cambridge Park,IWyt2GGe-07:894
Gay,Kiera,226-497-8351,Tha Luang,9096 Aberg Way,AoY8uioF-37:607
Merci,Fahrenbach,818-135-9266,Pokrovo-Prigorodnoye,555 Kipling Plaza,Xjpixii6-67:578
Walden,Purves,787-808-1436,Nanping,9223 Lakeland Lane,GlHGeEbR-11:206
Janith,Bulford,495-148-1359,Souto de Cima,2776 Florence Circle,NmCBglis-84:560
Theodor,Colley,145-634-2925,Villeneuve-lès-Avignon,32595 Jay Park,PzLIM4uC-57:911
Rudolph,Kingaby,158-700-3023,Azeitão,7 Talisman Pass,NFyRuMuq-46:115
Doria,MacDonald,620-770-9229,Caleufú,1 Chive Park,S0bljytU-96:970
Ludovika,Sawter,998-996-8934,Taiyanghe,7027 Sutherland Pass,McJ2qfXl-59:175
Nydia,Kauschke,918-891-9930,Frankfurt am Main,831 Dottie Pass,E7kh383s-37:371
Friedrick,Muckeen,471-774-4404,Cikarang,1 Morrow Street,PBfXbbvb-93:673
Craggy,Radke,984-838-4332,Kelīshād va Sūdarjān,3632 Lerdahl Drive,TmIykfBb-01:530
Donnie,Klimentov,212-322-0583,Xiangxi,940 Crescent Oaks Point,FUELbEbW-11:316
Brittne,Beacham,654-857-4469,Veracruz,7701 Blackbird Street,UvIVhaGZ-47:986
Misti,Schoolfield,562-639-8807,Cauayan,477 Paget Street,Su8Q4Vdc-91:210
Roma,Christoforou,766-855-6224,Baoyang,6 Calypso Road,XhjffsoU-46:356
Avigdor,Swett,396-900-0253,Oslo,6 Prairie Rose Drive,OLEcghfP-37:302
Lou,Childs,332-355-7338,San Antonio,01 Clarendon Center,UlYAG2SI-84:241
Donnie,Woodyer,754-735-7900,Hefei,5 Farragut Road,Fdak5wdf-94:260
Sela,Renshall,955-435-2143,Tumpakkepuh,869 School Terrace,Ne1aDuvh-56:180
Barret,Minshall,800-644-5307,Zadvorsko,0 Lighthouse Bay Place,TzpdNu8Y-44:109
Thebault,Verrier,219-438-3792,Berlín,531 Crowley Terrace,Fbcdbxi8-48:850
Cecilla,Retchford,932-539-8139,Kebon,60844 Roth Center,Qkv0vr2v-52:144
Derril,Lasselle,103-117-9859,Ngepoh Kidul,5 Twin Pines Hill,XQqwbBuq-13:716
Dyana,Strelitzki,684-397-0630,Strasbourg,2607 Miller Park,IgkaHXFy-03:038
Siegfried,Motte,208-328-8439,Inkerman,8283 Coleman Way,On8NgDbT-56:939
Amby,Ary,638-128-6496,Stockholm,70 Del Sol Lane,O72V5M2J-16:071
Vittoria,Sebring,941-734-8969,Xingfu,213 Randy Park,IIB2Atqu-64:960
Kristoffer,Eastam,619-882-6803,San Diego,83522 Dunning Hill,ZArXYUOr-71:085
Becki,Bedford,946-730-9843,Jocotán,72345 4th Drive,N0uKFhVG-41:368
Marnie,Girardez,744-946-1849,Karanyowka,6092 Chive Pass,IGUt0gct-73:896
Robin,Folbigg,826-222-2136,Krajan Tanjungrejo,49840 Vera Avenue,Wql4pMhE-00:939
Alysia,Finley,514-269-3638,Sydney,77 7th Trail,LdyBEFiH-71:479
Justine,Howatt,793-109-0987,Huicheng,362 Chinook Pass,Phvzh4AK-59:019
Carol-jean,Larrat,395-520-3911,Pāshmūl,098 Charing Cross Lane,ZgecyEHI-46:254
Penny,Balshaw,135-633-2794,Shalya,36 Acker Junction,UyB8c6e3-65:422
Olympe,Harrop,324-523-2777,Loacan,85 Montana Parkway,XLHElc6H-94:685
Mendy,Emberson,663-527-1454,Malianzhuang,346 Tennyson Terrace,VyivLGpa-75:769
Elicia,Truelove,695-277-3611,Kesheng,05785 Barnett Center,OgnU9huz-07:854
Chelsea,Yesinin,816-151-1906,Nova Friburgo,01 Logan Hill,VUy6tzOW-61:720
Archaimbaud,Oswald,287-260-1726,Menggala,82 Independence Avenue,Lx2xw1mL-92:236
Glen,Laden,543-597-6497,Lasek,75143 Daystar Park,ZoCegEfA-01:000
Rickard,Sale,701-960-4744,Kushtia,7892 Roth Hill,D1ezdVBn-54:700
Donal,Dana,380-651-4543,Néa Ionía,351 Kipling Hill,KLPwfFyd-99:261
Robbert,Trosdall,861-565-0199,Concordia,49 Dapin Street,Ud4jC8Bo-35:830
Irene,Kenchington,950-966-7180,San Isidro,594 5th Court,I8fA7XU2-01:822
Malvina,Skeldinge,214-101-8153,Taisen-ri,7 Norway Maple Road,FEOPvnSC-68:939
Katusha,Arro,816-371-2418,Kovilj,33 Waubesa Avenue,QqA5sUMP-36:325
Sully,Mandry,921-578-1694,Yongning,66318 Burrows Street,PsJmpSvf-41:380
Fletch,Velasquez,291-665-5992,Lebedyan’,5826 Carpenter Drive,PUuyPdkJ-71:449
Launce,Kennedy,400-629-1451,Mojoroto,5051 Sherman Place,WHW1tsDW-33:227
Ezequiel,Peskett,522-385-5027,Sangiyn Dalay,68 Ronald Regan Crossing,DGzJlAmr-49:422
Cristen,Fyfield,536-615-4288,Fontanka,12270 Buell Parkway,HxGqmHX4-94:119
Nicolai,Aukland,248-563-3637,Bual,885 Bay Plaza,OUYM9lXH-11:459
Boonie,Beamand,626-859-9625,Kafr Zībād,0650 Laurel Parkway,Uv3UPk0m-46:626
Nickey,Halls,616-833-6650,Talshand,5251 Trailsway Trail,XA7uqbYM-24:401
Rona,Burbury,242-125-1862,Mertert,07464 Bunting Parkway,AQYAhHaa-92:851
Mireielle,Zeale,832-591-6287,Xinli,18195 Oakridge Pass,XyWviHBS-14:662
Bert,Firidolfi,234-378-9518,Xagmakajor,77526 Westend Pass,DkhVjWeD-44:347
Jonis,Thick,753-683-8263,Podbuzh,49501 Kedzie Park,DalueMpU-22:185
Winni,Jolland,213-128-1893,Tomobe,24243 Nelson Court,L6di74ca-15:622
Tab,Starton,975-440-5411,Huangjia,86 Westridge Drive,PCfliNe9-79:840
Beau,Attenborrow,903-627-0593,Pacaraos,0 Fairfield Terrace,NmxVEfrc-66:395
Stephenie,Hayzer,283-126-4973,Tene,935 Hansons Lane,IDKN2qaQ-86:948
Dominic,Gorring,139-566-6210,Jijiga,6056 Dwight Parkway,G0uSjjkp-66:086
Meir,Bennedsen,245-779-6360,Tupanciretã,026 Dayton Crossing,SFwGaTs0-37:727
Ilene,Wardroper,571-467-4608,Majayjay,8263 Talmadge Crossing,OSi0UcIY-37:142
Daryl,Rolinson,892-490-7421,Kalino,00899 Shopko Avenue,BcKmtGtF-53:728
Adrianna,Fleay,266-772-4291,Yinping,050 Knutson Court,Sbo33c2N-54:850
Mavra,Spofforth,739-646-4865,Vilarinho da Castanheira,12 Steensland Avenue,A07IKvH0-76:689
Garvin,Durnford,965-324-6469,Mkiriwadjumoi,7336 Blue Bill Park Park,Rq4oSJER-79:593
Garrard,Tunnick,806-153-3595,Chornomors’ke,356 Eastlawn Lane,SVkFzyEb-02:726
Jan,Ambroz,538-844-8008,Świeradów-Zdrój,28 Talisman Terrace,IlEVKXiY-35:194
Kele,Brandi,213-576-7697,Santa Cruz Balanyá,795 Kings Crossing,G8CpQgtF-48:609
Shea,Mandrake,845-411-1129,Shuangjiang,4 Weeping Birch Point,ZMii7kN4-25:863
Beitris,Stains,582-728-6808,Sa Bot,672 Clarendon Plaza,WGfHb4sU-05:003
Reilly,Gonin,736-652-9161,Brokopondo,0849 Steensland Court,SndEC4j7-93:638
Lutero,Cordero,842-632-4627,Resapombo,36 Basil Point,NRRhUyhw-36:766
Adriaens,Shefton,893-422-9981,Babakan Baru,7 Corscot Junction,O72faeQg-09:453
Abram,Bart,659-566-6698,Ormstown,32136 Corry Place,A8Bk8gdb-14:007
Sherm,Ikins,815-458-8248,Arvayheer,1 Bluestem Park,QmhJlZzA-44:658
Arvin,Cardus,140-670-9195,Khānaqāh,05144 Hallows Point,ScRUdgSe-26:252
Mira,Ceccoli,276-323-5936,Chenzui,111 Del Sol Center,CIaU3pB9-26:541
Mable,Defraine,736-589-6154,Ferraria,73564 Hagan Center,CB3u0G6Z-68:190
Rickard,Fearn,534-317-7526,Sardasht,687 Washington Drive,FEkElWu4-37:279
Melisent,Ruby,890-306-8724,Nanping,1745 Trailsway Parkway,PBRpvA6t-18:886
Philly,Moreby,452-812-9884,Kendayakan,2875 Burning Wood Plaza,JtY8bI55-86:017
Trenna,O'Reagan,664-628-6702,Las Americas,8 Blue Bill Park Parkway,SKAr95vE-12:099
Reece,Igounet,289-456-4884,Tuzha,2 Crest Line Court,H7pf9DvQ-24:082
Heidie,Bentson,907-877-2155,Saint-Augustin-de-Desmaures,238 Hallows Hill,TSSge1go-78:738
Wylma,Messenbird,806-972-7452,Iaçu,37 Harbort Center,GDOMQxOz-04:490
Antonio,Kleiner,491-752-4971,Chengbei,0 Melvin Hill,THiM4hWv-19:476
Ogdon,Adlington,894-336-3999,Novomichurinsk,88 Ramsey Junction,IeGKjYis-50:690
Jobina,Swateridge,676-592-2686,Pringgabaya,08009 Bunker Hill Plaza,ShJJTLTR-96:328
Austine,Todhunter,188-548-7361,Tuanshan,00 Colorado Drive,WAghCSed-46:944
Gardy,Gilding,492-122-6327,Daitou,13851 Talmadge Terrace,RBIrE6Ie-83:517
Inna,Adamolli,861-357-6172,Bogi,76090 Debra Hill,VQOt5AxQ-51:688
Cristie,Leonardi,324-290-5337,Jargalant,21 Stoughton Center,BIL64hLX-53:105
Sibley,Lawlor,433-744-5310,Kuningan,5 Kenwood Drive,DpjbbkxS-98:940
Kaylil,Crichmere,397-540-0109,Weixing,34609 Orin Crossing,MxtsFE87-78:761
Adelice,Janczak,966-878-4847,Lubango,6727 Melby Circle,Nz8vjWj4-27:078
Jacquette,Denziloe,677-936-2441,Garbolovo,3 4th Road,Hr4DW6AL-80:792
Babita,Labden,111-702-4564,Arys,77 Lawn Road,XAjFq0H1-12:567
Kim,Aleksankov,905-448-9003,Garupá,958 Main Drive,SmcYVN2G-79:823
Alvina,McLugish,432-421-3880,Madolenihm Municipality Government,67912 Meadow Ridge Hill,IAsuoh7r-40:092
Janeva,Giovanni,323-105-0493,Tiniguiban,1706 Esker Park,EpwALu8T-45:853
Theo,Wallis,504-322-7873,Padre Burgos,0 Jenifer Court,Qklauo9Z-67:628
Gretta,Cowdray,860-532-1029,Op,18 Boyd Court,WmlkJGcr-41:206
Gianna,Mosten,694-108-0296,Kabor,9 American Place,TJbqzaJa-94:175
Abramo,Antonin,209-279-0891,Qohord-e Bālā,15448 Oriole Street,Z1hFLiKk-09:454
Fidelity,Davenall,671-612-9118,Isfahan,389 Pine View Circle,Yorp0Bak-34:056
Laney,McColm,468-938-0556,Kopang Satu,223 Northland Center,IXpwLX5b-08:714
Blayne,Sabey,141-300-1184,Tarłów,422 Longview Junction,ZmHrttqI-09:397
Loretta,Denisovich,197-927-4394,Xibër-Murrizë,937 East Place,XtWeQZvp-87:612
Esteban,Mathys,359-841-9117,Arboga,374 Washington Center,CfkuCrY6-75:884
Pierette,Aisthorpe,781-368-2408,Calheta de Nesquim,77930 Menomonie Plaza,L2mnogbB-16:988
Sabrina,Fihelly,299-267-2161,Guitang,53970 Dixon Alley,QSDQlAi0-52:749
Englebert,Norledge,137-569-6498,Saint-Grégoire,237 Carioca Court,SMWOEKyB-47:229
Maurita,Everex,959-633-0202,Xinshi,64362 Annamark Trail,XYAKPP5T-84:191
Beryl,Lishmund,586-762-2861,Guali,599 Comanche Hill,TO20yk7t-01:797
Aldo,O'Dyvoy,965-588-7472,Lyon,61 Gateway Center,TzGSx3oD-51:295
Chrysler,Terron,926-829-5650,A-da-Gorda,7 4th Circle,WoJkPbkg-85:341
Maryrose,McVitty,306-372-9813,Záhorovice,7935 Mitchell Crossing,Y6qLZaFa-31:266
Joe,Ibbott,219-807-8895,Recreio,9283 Crest Line Terrace,NwS5vJYZ-60:051
Maurizia,Dearsley,199-292-7275,Balad,13 Hermina Lane,U2KpRN2j-01:534
Noak,Statter,663-838-7832,Bairro Assunção Piedade,1954 Melvin Terrace,Gr0dJzR5-80:886
Darla,McCutheon,241-346-4354,Karangparwa,1 Morningstar Hill,AMBRY4jC-15:957
Serene,Durno,912-117-3970,Trzcinica,698 Hayes Pass,NSjB4flj-66:387
Timofei,Avraam,186-159-5812,Farah,2652 Thompson Terrace,JDWnH17o-47:256
Corty,Onslow,204-708-1577,Ar Rumaythīyah,12 Schlimgen Circle,ZEIYc0ak-05:794
Leticia,Ayre,808-827-2122,Deán Funes,9377 Blaine Plaza,N3Uj9Rf4-42:515
Renelle,McCook,942-567-7964,Tirana,75 Bay Trail,PCjqaSYb-95:188
Lynette,Bindon,850-738-6216,Kertayuga,925 Parkside Hill,MpZZ5hKo-48:650
Wendy,Cuxson,623-100-9242,Jiangtou,38 Kenwood Place,FxmzDTTM-51:760
Vaughan,Ghent,543-538-9785,Troitskiy,55 Kim Pass,Eu9Hmtxd-54:835
Ermentrude,Wyeld,417-295-0289,Kināna,74050 Manitowish Alley,IJ8be03i-43:422
Daren,Yurenev,845-748-6905,Borås,5509 Hovde Way,Rqdui1z6-60:948
Orelie,Faier,309-991-1144,Singida,1 Lakewood Gardens Lane,HzBoF4LT-20:532
Jolene,Zamorano,569-266-1162,Červené Pečky,08322 Scofield Hill,XadtQe23-75:240
Solomon,Rieme,130-226-4639,Zhaitou,08736 Roth Way,WAaHHTO3-35:266
Prissie,Mayne,327-757-1736,Dashiqiao,429 Kim Avenue,Rfc4D6u2-83:207
Conney,Conlon,218-632-0868,München,55 Granby Pass,YN1QY3wJ-47:147
Karoly,Hanscomb,430-627-4937,Hammam-Lif,091 Vermont Hill,OKa7MGtr-62:447
Haleigh,Gerb,324-722-6610,Lianhe,2 Miller Circle,A8q4wDKp-12:591
Karisa,Pascall,818-862-1185,Chastyye,4105 Farmco Terrace,Oqe6oSRX-77:763
Teddi,Mateos,922-447-7083,Solotcha,6 South Junction,XCSlR1k9-86:225
Edee,Grosvener,500-382-1178,Ô Môn,237 Sachtjen Pass,B9KhguC0-29:460
Elisabeth,Lemanu,706-630-4103,Columbus,969 Kennedy Avenue,G9w8nGsQ-01:553
Raimund,Robe,130-263-0374,Veruela,3 Petterle Junction,EIivcXP4-74:671
Freddi,Phidgin,149-545-7598,Lin’an,442 East Park,VRQBndQV-42:575
Hedi,Spencley,480-367-4142,Neiguan,028 4th Lane,Gi99HaR0-19:148
Bartholomeus,Di Pietro,307-617-4164,Oslo,77096 Ronald Regan Road,V2ODUFpw-62:011
Dosi,Fontin,884-539-7613,Akora,872 Canary Hill,BqC5il3E-59:748
Tarra,Alders,100-761-1481,Beicheng,26 East Pass,YuW25MlF-32:494
Teressa,Cawkill,805-831-0979,Heshui,3593 Cottonwood Avenue,ZY4t0Yyx-63:982
Peta,Halburton,440-184-3688,Platičevo,2 Forest Avenue,GjVJSw2r-58:775
Aleen,Carrodus,601-962-2647,Cambrai,015 Sachtjen Street,JgeGUBO8-47:458
Jacklin,Crombleholme,916-489-6353,Wangbuzhuang,912 Cordelia Center,YzikNf2G-14:681
Kaleena,MacKibbon,437-162-1525,Ayo,44 Rutledge Way,IjzWb0Xg-72:464
Allys,Lochrie,343-155-4683,Konëvo,38 Jay Hill,OaRj2Eqf-84:813
Danice,Swyne,765-830-0047,Lakinsk,25288 Corscot Way,NmMakeMi-47:584
Terza,Carnegie,748-484-6001,Bukitkemuning,160 Dottie Road,WeRK4p5K-34:991
Janette,Hinckesman,448-832-8084,Lençóis Paulista,028 Marquette Plaza,Zx8ZCrA8-19:665
Ros,Empson,738-290-6816,San Francisco Zapotitlán,99 Acker Pass,Xp36V6vj-11:673
Abran,Strangwood,509-915-6664,Bolorejo,97 Badeau Drive,CCs36Rcv-04:308
Jayme,Billson,122-567-9999,Nekrasovka,247 Esch Pass,V3cmhDWf-96:203
Perrine,Clara,626-197-0767,Dan Makham Tia,982 Stoughton Trail,DxZY7zP5-38:383
Yance,Pound,165-767-1381,Krapyak Kidul,2609 Steensland Pass,Tc0ncIuu-17:794
Elinore,Champley,591-570-6113,Kuala Lumpur,05743 Birchwood Circle,No28UDN7-33:006
Derward,Harvard,587-964-4418,Tongole,184 Rusk Circle,TzKYi9sy-60:689
Lucine,Balazs,950-584-4806,Santana de Parnaíba,200 Mendota Place,LWtgdP12-65:592
Petronia,Perocci,778-965-3834,Daying,73201 Lindbergh Drive,KARGBsdC-92:945
Marchelle,Blazevic,422-294-8495,Klirou,738 Fairfield Place,DDGW0PJl-43:578
Bill,Espley,995-692-0702,Liuhuang,2 Clyde Gallagher Road,Zvo8Vxwo-92:723
Robin,Craske,692-198-3513,Gaoqiao,72295 Ronald Regan Hill,HhANRMLe-12:693
Delora,Glassopp,315-142-0453,Yelyzavethradka,3039 Dapin Park,JXiKoStS-09:360
Winny,Moylan,518-886-6234,La Cumbre,50 Bluejay Way,Qd0NUdQ8-66:812
Giacomo,Frenzel;,119-770-3008,Södertälje,4498 Summit Alley,NanuFQIV-53:979
Bern,Linthead,144-462-1082,Kuryłówka,12 Shoshone Plaza,Po5xSlKk-98:356
Boyd,Beals,480-159-8585,Shenshu,763 Sycamore Center,SQG2Peql-67:065
Rozelle,Van der Beek,454-841-8516,Obispos,83 Becker Trail,PtMtcc2n-07:914
Mureil,McGrayle,494-552-8326,Jiuhe,8599 Sommers Avenue,FJyobwo0-79:264
Viola,Sans,296-270-2921,Sydney,20334 Marquette Crossing,RJtdaHOx-28:289
Joane,Beddow,410-951-0979,Baih,817 Oriole Place,D09kE22q-61:627
Lydie,Jeannon,166-803-6443,Cipari Satu,25168 Novick Park,TTLtmD9A-41:792
Pattie,Schrieves,804-795-1144,Yvetot,1 Gateway Center,QHj5jmSh-29:810
Cyndy,Cosford,350-811-8529,Oslo,8 High Crossing Drive,TZRExAF3-78:706
Horatio,Heningham,104-546-0421,Västerås,18187 Hudson Avenue,GdAIeuGZ-40:252
Dillie,Danks,880-714-5555,Waimangura,44 Melvin Junction,QUf23tT6-54:805
Alister,Gatheridge,178-341-7877,San Joaquin,6404 Ludington Place,RAnb1psS-37:821
Ikey,Harburtson,311-131-5550,Grande Rivière du Nord,12388 Melby Trail,SwUWk0H3-40:648
Noellyn,Pladen,143-988-7988,Kendung Timur,343 Merchant Drive,X1cyQ23h-13:066
Gerri,Capelle,918-776-3061,Chengbei,377 Surrey Place,SZscs2SS-28:678
Katerina,Radbone,243-926-2082,Mozhaysk,2683 Cascade Road,PKfAdvZG-59:104
Buffy,Du Fray,317-166-5424,Bitica,27 Drewry Road,K7LJ5FXk-56:460
Woody,Falkus,938-199-1233,Biasong,2220 Debs Plaza,IeHZ9YbX-57:963
Abe,Wessing,788-806-6195,Horní Štěpánov,3884 Kinsman Plaza,DQKUofaO-23:275
Arleta,Micklewright,617-754-4334,Yorii,605 Lakeland Place,VxovGPbg-93:713
Jacklyn,Laugier,532-372-1008,Bala Murghab,3 Scoville Point,NjMASXi7-06:882
Marcie,Kingdon,497-455-0648,Manokwari,1 Clarendon Hill,YfUGDVPI-47:815
Jacques,Cassley,127-443-1682,Novo Hamburgo,8668 Straubel Junction,Qa2PzDW2-72:725
Carlos,Whilder,656-624-4432,Strömstad,31 Garrison Way,Y7HrJ0d1-10:508
Kirbee,Aubry,144-935-2812,Balung,302 American Ash Terrace,Mo9md8cp-62:630
Isidore,Schachter,333-682-5990,Dabbūrīya,6 Pepper Wood Street,WfftLj3m-35:462
Flin,Branchett,767-766-2603,Pyhäranta,1 Dovetail Alley,KkpuguZd-73:696
Avrom,Ruddick,901-397-7123,Cibogo,39 Elmside Road,EXSWuG3p-65:689
Maurizio,Stoneham,174-298-9244,Noyal-sur-Vilaine,06250 Scofield Pass,FX08B6y0-26:718
Natalya,Schaffel,406-938-3765,Cipari Satu,851 Esker Street,VGVk8wnj-47:166
Liam,Shay,212-231-3285,Qinjiang,0 Stone Corner Drive,VEWgaTH2-71:723
Normand,Parminter,859-999-6317,Alae,3 Ilene Road,NTSOVNC2-40:681
Madeleine,Gheeraert,843-601-5800,Pingpu,4121 Pierstorff Court,UCRSYoVp-24:945
Brander,Morshead,308-615-6329,Napoles,25 Sachtjen Way,UnjAGf29-83:439
Adina,McKinie,247-656-2776,Lam Plai Mat,15734 Prairieview Avenue,QJMFfatR-68:355
Wendy,Fuge,681-161-2683,Huaxijie,2 Westridge Pass,Yw7k38z9-27:632
Bart,Richten,707-161-4686,Akzhal,4367 Mccormick Drive,BzQWh4AS-27:333
Ilse,Colten,815-625-5648,Pujilí,803 Fieldstone Drive,IWtDRyZi-25:520
Laurence,Piffe,355-102-0909,Baimiao,096 Hoffman Plaza,YuZtGQ81-71:592
Marne,Greedyer,148-347-8668,Pekuwon,14 Hayes Parkway,VNa06a5G-75:471
Lockwood,Klouz,404-389-9334,Doloplazy,8082 Parkside Terrace,INJN2w5T-96:459
Hedvige,Kenderdine,773-766-7006,Toledo,79 Sunbrook Terrace,HXdlwHou-39:118
Jaynell,Bernardez,997-461-1993,Cotaparaco,065 Melody Crossing,Dn5OmAh1-61:545
Jackie,Fairholme,145-538-5566,Yehud,31178 Bayside Plaza,QBShSOWt-76:416
Jessika,Murray,580-345-7103,Zepita,7 Lakewood Gardens Place,EVoYND26-48:729
Cassandra,Blose,380-872-1581,Embalse,4 Farmco Alley,VRqrIYg7-87:436
Carlye,Putton,810-807-3369,Bilao,3994 Michigan Lane,EqnzGuye-37:195
Jenny,Cattermull,554-503-5681,Stockholm,2014 Blue Bill Park Park,KIl7ntyr-88:008
Marianne,Soame,102-198-6524,Xagmakajor,0 Lien Hill,E6QXNBIJ-88:760
Ruben,Nitti,845-877-7105,Tatabánya,7 Tony Crossing,T4ChFjcz-16:878
Franzen,Andreini,273-391-5363,Dapdap,353 Fieldstone Hill,EXQmZnbt-53:812
Devlin,Berford,911-573-6193,Banjar Lalangpasek,8 Union Place,Y23Gtcqv-30:569
Clerkclaude,Blodg,666-609-6885,Kajiado,2 Forest Way,QF1jwrCY-45:047
Joceline,Piercey,503-132-9781,Pospelikha,08908 Paget Circle,WG7ZGgbo-79:504
Alia,Hynes,547-733-6062,Wakefield,984 Dennis Avenue,DaNDVdZv-21:202
Siana,Listone,564-201-5489,Nikol’sk,38 Hanson Avenue,QHczLlEI-91:485
Dianemarie,Watkiss,685-336-2866,Jagüey Grande,656 Fuller Circle,Jw9IikRQ-61:796
Alonso,Dobbyn,732-338-5067,Brisbane,811 Meadow Vale Plaza,QJnmLNB9-84:203
Lydia,Staynes,567-388-1664,San Agustín,5346 Caliangt Court,NVvLKJFA-93:600
Roobbie,Cottrill,830-436-1228,Tekeli,39 Laurel Lane,EnGb2uA3-06:019
Domini,Lanceley,717-225-4046,Harrisburg,89 Killdeer Plaza,Hu9vPNYD-85:358
Tarrah,Dalliwater,303-879-0175,Welkom,06513 Paget Way,VXzSn9LS-48:501
Carole,Dunkerley,310-234-7261,Lingbeizhou,1507 Oxford Center,HXcWhORA-92:053
Sinclare,Lenton,428-973-6465,Huangjiakou,87816 Vera Point,CVwbpqyl-78:144
Luella,Izzat,181-570-6472,Tuxi,792 Goodland Trail,BrMMKbfO-81:831
Bernie,Ommundsen,418-430-1324,Quinta,8006 1st Circle,K4HfrdLd-28:059
Sibbie,Antuk,293-812-8100,Colonia Catuete,00996 Onsgard Court,FFocQlki-26:831
Merl,Raubenheimers,270-408-3848,Fezna,6 Glacier Hill Way,Xx41ErHi-30:063
Jaquelyn,Ginnane,792-902-1492,Madruga,69817 Waxwing Parkway,IY3272Mu-70:281
Angelika,Sewill,751-866-4678,Jilin,47149 Northridge Pass,ElEdYvlV-03:053
Haze,Thonason,559-318-9052,Changlu,0149 Mallory Place,RbTQWfIS-98:308
Kory,Casale,342-464-5947,Pipa,72625 Tomscot Road,XQvS4zRk-65:879
Marline,Geharke,169-691-6169,Sutton,957 Moland Street,XrUHkat7-64:672
Neila,Adnams,446-986-7942,Montijo,7316 Briar Crest Park,PPpJ7SF8-38:124
Donny,Wyllis,174-491-3752,Taunan,8 Morningstar Way,WscrFPlo-39:067
Giacobo,Frankcombe,535-500-0862,Pasirpanjang,1 Acker Hill,Pa7L0NbI-15:960
Aurelia,Jenkyn,368-189-4348,Al Madīd,7034 Northfield Junction,MrBdtCiS-29:766
Weidar,Lamport,191-664-4230,Horní Čermná,7 John Wall Hill,ZhtBZ8l3-15:854
Wenona,O'Doherty,783-540-3360,Gēdo,9032 Warner Pass,QEuysYor-89:719
Dianemarie,Scamal,726-324-6953,Kelīshād va Sūdarjān,22 Graedel Point,SgnYLbBV-51:305
Lucias,Larn,981-262-6619,Mojosari,790 7th Center,THI8G8fS-39:441
Cesya,Farrell,450-140-6661,Anling,8629 Porter Circle,NWtXWoSC-36:578
Roda,Pavis,704-992-5382,Liangting,0140 Florence Drive,GDiYiOUO-38:703
Michale,Diggin,636-513-7049,Chakou,75 Upham Trail,WAOqBSmf-90:924
Boy,Eidelman,353-449-2602,Chornoliztsi,0985 Chinook Avenue,CmpV3MaN-72:454
Gavan,Howie,304-686-1375,Huntington,8 Hoepker Place,VSpiHFxJ-03:143
Antone,Pharoah,915-400-8326,Dongxin,9 Valley Edge Trail,Of6f0R8U-82:823
Jessie,Jozwicki,719-765-6771,Nehe,74421 Spohn Circle,EDzFT8ST-06:429
Kerby,Ailward,794-599-3340,As Samawah,10 Everett Avenue,WAy3AiHc-16:742
Francklin,Blackston,274-893-5747,Krasnyy Oktyabr’,75 Tomscot Center,JmjPf76o-64:463
Tanya,Rubica,775-261-6473,Yujing,4625 Carey Circle,NYeyTh3S-72:192
Bent,Westmoreland,793-763-3392,Tomobe,882 Graceland Circle,DQsMUdPA-50:211
Benito,Fishenden,960-981-8245,Velké Karlovice,703 Morningstar Hill,B2DaslTt-60:518
Roberta,Sam,102-946-7182,Nanhe,7 Garrison Pass,NKkNJhxV-96:269
Ganny,Gower,378-353-5806,Pescadería,00480 Prairieview Street,KJoJRZ83-28:713
Levi,Sayward,336-814-9408,Tessaoua,699 Nancy Avenue,B2qz9xEu-90:734
Aldo,Jakov,939-647-8805,Eldama Ravine,95198 Bluejay Plaza,OLQ3QhOU-96:153
Rorie,Morrice,702-733-5542,Las Vegas,0470 Rusk Lane,Xo8Pg7F9-09:998
Gherardo,Gisborne,894-934-6333,Mooka,4 Amoth Trail,FOplBFF3-03:536
Bran,Langwade,915-563-7829,El Paso,544 Debs Junction,RAkguoMX-64:617
Jorie,O'Lennane,417-274-2942,Korenovsk,1 Mesta Crossing,BVdpt5j5-00:414
Ogdan,Killelea,978-575-1075,Ash Shuhadā’,89066 Hermina Avenue,Q96DlIqL-28:174
Judi,Fawlks,628-299-9738,Gobernador Gálvez,713 Chinook Trail,VIuCfESG-15:389
Alvie,McEnteggart,840-926-6371,Lugulu,6 School Crossing,GfHDziSb-31:090
Avery,Brodhead,913-694-4675,Västervik,353 Lotheville Terrace,Nh3v4l1D-30:291
Elise,Holsall,553-933-5061,Tópaga,04 Bellgrove Place,Mi1TgW67-43:031
Karna,Byres,253-819-5049,Sukawening,1082 Sunfield Crossing,I1ydAFPI-95:665
Marion,Catherick,176-457-6888,Pueblo Viejo,90 Esch Lane,DEF3xUgX-11:147
Kizzee,Josum,382-942-0987,Zhangfeng,53073 Corben Crossing,UdFXz4Ay-14:461
Kelly,Rittmeyer,668-480-5732,Żabbar,690 Springs Court,OAxDhMHN-52:369
Peyter,McDonagh,122-632-1002,Lijiapu,31936 American Ash Hill,T83S6dY7-52:393
Barth,Coch,571-479-4422,Sophia Antipolis,5 Dexter Alley,HVuT35nP-10:909
Rycca,Fasson,808-455-3890,Tokār,79933 Elmside Court,HKQPL45W-36:554
Adelle,Durran,539-565-4290,Boro Utara,179 Claremont Circle,LqJuRR3a-82:664
Salomo,Lammin,270-736-5087,Mosoc Llacta,6444 Mallard Alley,UUOUp5Hu-71:970
Ruthy,Broderick,602-514-4341,Zhongtong,9913 Hauk Avenue,UCgom7iP-16:324
Ancell,Coltman,417-285-4271,Obita,3831 Derek Lane,WbS8BY38-62:094
Harlene,Chesters,765-571-5042,Aragua de Barcelona,7 Continental Plaza,AbY7MPRg-33:163
Vikky,Drews,450-642-1513,La Jagua de Ibirico,967 Autumn Leaf Crossing,JV0v0fi4-96:521
Gus,Cestard,609-373-1855,Kimch’aek-si,8 Victoria Terrace,DzB72RRW-71:810
Hollyanne,Vales,792-813-7465,Zouma,59681 Spohn Place,WmYAqaya-71:193
Adamo,Bordis,153-617-7957,Heby,2 Cordelia Court,Pl1okaFA-27:238
Scotti,Baudins,142-661-4518,Birnin Kebbi,104 Dorton Alley,LmazH72b-97:615
Donny,Gunn,790-563-5817,Güiria,22 Clemons Center,TaxHRl45-32:705
Stephi,Colchett,439-825-1686,Marechal Deodoro,94753 Veith Crossing,OMY5dDNk-45:181
Loralyn,Jeaneau,843-944-2581,Beaufort,9611 Manufacturers Crossing,I2ayhJgV-38:554
Cyrill,Anthony,305-885-8028,Farasān,1 Charing Cross Parkway,WiaiAazX-14:657
Huntley,Craigs,481-356-6759,Maracaçumé,082 Paget Drive,MxwXiHRk-24:954
Orran,Mazin,888-712-0824,Ilinden,005 Golf Course Place,O61MgL4P-04:288
Gene,Chalcroft,520-222-6577,Qeshm,97 Arkansas Trail,RgNwmFog-10:637
Trude,Scotfurth,887-497-9167,Marston,686 Continental Hill,RyiJhZ8I-26:116
Collen,Ledster,566-266-5369,Xinyang,4 Luster Point,Ld5HKjA6-61:546
Gusella,Rosiello,170-842-3176,Aldeia,7 Laurel Avenue,SWry5XRt-96:625
Gerhardine,Bassill,169-951-0310,Wuluhan,271 Farwell Avenue,JwKeK8E3-11:589
Coleen,Faircley,532-207-7051,Géfyra,52 Sunbrook Terrace,WLN7jaDJ-75:691
Constanta,Jeanenet,978-901-5855,Almirante Tamandaré,4 Thierer Way,BW3Eq7lp-51:842
Pavla,Pilmore,826-721-6161,Buk,52 Maple Way,CEseTart-73:303
Hester,Hainey`,298-691-5166,Yong’an,99 Pine View Terrace,Td9TzNKt-65:295
Sanson,Springford,755-847-4832,Tierralta,1 Mayer Junction,BnGRsa1d-02:748
Murdock,Hindmoor,878-377-0634,Imtarfa,3281 Marquette Place,BEH1RmG4-29:697
Delano,Stetson,520-674-1688,Caseros,9771 Anhalt Trail,Wjfh484B-66:511
Ambur,Gylle,559-885-4242,Mijiang,16 Dunning Drive,BsifyJEi-61:237
Harmon,Ransley,426-609-5315,Sungsang,06 Birchwood Lane,JJ0r3fHQ-86:203
Ring,Ropcke,696-947-0209,Toshloq,62523 Pankratz Junction,OgVqch0d-36:197
Nikoletta,Wein,971-977-0070,Jonkowo,3 Merrick Center,TuxJI9Sl-73:126
Cleavland,Purrier,546-675-1824,Podosinovets,20600 Ridge Oak Road,MDCBT06Z-00:787
Car,Grivori,183-368-0302,Purong,24223 Oak Road,WSZxRTeu-62:045
Elinor,Rayburn,564-198-6435,Franca,30247 Westridge Center,GrLPpLxC-30:019
Nikos,Ferby,858-736-4079,Condega,5865 Vera Circle,IhpIBYdd-97:528
Hebert,Labro,717-572-6121,Göteborg,9560 Paget Point,FzziHtwd-47:607
Danya,Bellingham,350-912-8291,Breda,765 Banding Pass,VTmP8vxH-28:254
Tanner,Petroff,460-192-2956,Motupe,51531 Stoughton Place,F7Klbk4c-60:417
Ruby,Ipsgrave,670-925-8418,Jinchuan,73517 Tennyson Alley,V6GHkeH8-52:841
Freddi,Hanrott,602-208-5278,Gaocheng,2846 Springview Road,QA2muzBO-93:104
Hammad,Lundy,431-930-1571,Korydallós,43818 Veith Lane,QbN7ehaU-15:025
Courtney,Duetschens,787-822-9772,Gorshechnoye,97 Rockefeller Alley,DZslQ3hS-36:578
Nolie,Newbury,336-263-5918,Eystur,9744 Village Green Court,HGECjf0p-52:601
Udell,Puttnam,642-537-0166,Lisewo Malborskie,97658 Grim Court,ZvgQnf3F-02:391
Inigo,Kennealy,889-781-8268,Obudovac,319 Orin Plaza,PoVGEhaC-20:009
Lind,Bute,370-749-3089,Ashgabat,469 Sunnyside Parkway,XNMSkLPB-67:392
Janet,Shenton,101-345-7065,Malibong East,82586 Buell Road,MzITe3a0-48:034
Rowen,Kingsly,823-249-3621,Paris 19,88604 Vermont Plaza,SnxKufKe-94:275
Nichole,Fuentez,363-645-7732,Caldas Novas,0 Northwestern Circle,QbFyPJxe-03:646
Vernen,Dobby,504-399-7345,Cetinje,276 American Ash Trail,DGFPMv7q-18:564
Jeane,Heck,150-738-2258,Lipov,07667 Anhalt Drive,KACMTESH-22:840
Bette-ann,Brenstuhl,735-504-8479,Shangwuzhuang,64041 Crowley Park,MYoiARKs-53:796
Janey,Hasloch,683-723-5565,Dongcheng,22481 Ridgeview Circle,RYmtXOd5-61:715
Clare,Fere,979-799-7737,Tangjiakou,11686 Forest Dale Avenue,T9WpfUvc-59:931
Nanete,Exroll,145-254-9011,Banjar Budakeling,4 West Center,FAjv9glH-84:842
Guillemette,Clackson,352-317-0995,Magok,04533 Stoughton Crossing,L7iHxrf0-62:385
Ilene,Yglesia,801-120-4170,Oke Mesi,348 Bunker Hill Avenue,OSKpdk5o-78:477
Eduardo,Turneux,523-684-1367,Santa Ana,01 Milwaukee Drive,FfGjNcUX-05:981
Leanna,Duckitt,381-176-4900,Nelson,654 Center Drive,Tq2q0o5O-44:192
Bordy,McBean,100-250-1686,Łanięta,882 Valley Edge Junction,UX9ZoK1W-85:710
Una,Kubat,772-400-1171,Náousa,0247 Sunfield Terrace,LiD1hJoi-86:366
Barde,McAndrew,938-861-3348,Schifflange,6 Oxford Park,WK7ewQUb-36:163
Lauree,Ricks,550-757-7014,Bratsk,017 Transport Center,ALuoV2P2-80:829
Hurlee,Finneran,821-409-2497,Kilifi,2 Jenifer Circle,PwQvySCl-05:691
Waverley,Gyorffy,845-566-0256,Xiaojing,915 Nelson Drive,CpAyeqHZ-27:165
Shaun,Serrurier,295-412-4620,Hukou,53 Trailsway Way,YrbQOZdT-40:079
Omero,Clapson,612-624-3835,Dambořice,5024 Moland Road,LofZy567-98:032
Anders,Havik,450-850-7928,Övertorneå,6 Northport Crossing,EwAduSL6-65:898
Estell,Heighway,852-326-5703,Putrajaya,6 Farwell Circle,Ui7OulcZ-00:066
Robenia,Goudie,809-724-3886,Protvino,1 Spohn Alley,TvGX926p-32:151
Buddie,Forton,218-589-4322,Mönchengladbach,9 Vahlen Pass,T1zBB8tF-20:421
Ammamaria,Sherrett,737-256-2876,Hedong,573 Monterey Pass,Z3lV9NVQ-47:258
Aurlie,Charle,291-617-3928,Wolonio,7 Sherman Alley,FHR8FkWu-94:880
Cathryn,Frary,634-985-0160,Taishihe,481 Mccormick Court,DmcrF63C-71:067
Corey,Playhill,813-603-1793,Karuk,9127 Columbus Place,RSXXStn0-69:243
Kora,Croucher,960-449-7114,Sembabule,0 Briar Crest Crossing,X3CMMVpI-55:078
Babbie,Bliben,202-883-0664,Lazaro Cardenas,06 Barby Court,AeXFTmSV-52:150
Alleyn,Binion,229-511-9947,Kremenki,5524 Darwin Junction,Odh9QEyX-85:756
Moyna,Tudhope,361-204-4819,Tuupovaara,71103 Oak Valley Circle,J2UMfjJt-46:138
Ewan,Cornelis,893-269-7191,Samayac,9 Grasskamp Alley,Db3FRLau-08:020
Aurelia,King,703-552-9516,Szeged,0428 Grasskamp Point,JTCOi4e2-53:532
Karol,Johannes,267-773-7611,Naifalo,6381 Fairview Hill,RLmmUCgN-67:230
Allissa,Kyngdon,252-969-2478,Chanhe,6538 Spohn Circle,EOHatmIK-79:020
Aleen,Dyche,772-425-7973,La Montañita,3 Golf Place,S9K4KpTI-97:990
Verney,Draycott,141-867-6818,Tagapul-an,6 Dawn Way,BF3L89d0-84:719
Ervin,Desorts,777-205-3123,Yangjian,8538 Green Avenue,S1pqIaCB-77:868
Izzy,Hellcat,643-540-4193,Bankaw,68 Cambridge Parkway,BdROb702-67:946
Frannie,Smalls,387-808-1840,Goyang-si,41295 Arapahoe Lane,J8XnBRjf-81:444
Tobie,de Nore,721-974-9081,Ximafang,94 Magdeline Center,WwwgUA5x-83:872
Lilly,Kalewe,460-191-3500,Caramanta,9008 Sutteridge Road,QVX4S9Eo-09:828
Dennison,Healey,447-232-3372,Culeng,76630 Susan Park,CV7XgoFQ-30:562
Vance,Duthy,934-504-8047,Kangar,19240 Bunting Point,WF1uyKMJ-14:890
Ricoriki,Gouley,155-307-0404,Chengzhong,9570 Melody Terrace,ENUiMq24-46:381
Vita,Ipsly,154-903-6004,Föglö,20622 Nevada Lane,YlFCmEHW-72:662
Chester,Keoghane,848-854-0406,Daping,1 Charing Cross Place,BvrOa6J7-91:846
Rogers,Dabnor,976-881-1531,Afogados da Ingazeira,13 Monterey Lane,SaLhlF1e-46:848
Lianne,Clibbery,302-454-9803,Talugtug,1879 Debra Hill,AkEynjJK-11:003
Anthia,Meggison,750-128-8425,Shuangcheng,975 Gerald Street,ZlM3xnBS-37:257
Arabelle,Slessar,149-511-2177,San Rafael,0159 Mosinee Trail,LDwour8L-69:240
Willey,Mettricke,837-934-6818,Kolomyya,4510 Victoria Way,J1243zIl-98:012
Susanetta,Noury,772-284-2168,São Miguel de Machede,7 Ruskin Park,M7Xfdukr-61:144
Dacie,Silvermann,289-364-2297,Guifeng,27374 Reinke Avenue,Vv8I0I9P-26:874
Brandtr,Gerok,696-339-2370,Garupá,81390 Hollow Ridge Way,N0BpFPI5-27:064
Alessandro,Dust,518-932-2928,Zelenogradsk,3235 Northridge Junction,LwJ9sEh2-51:322
Sophia,Dibden,557-658-1315,Ålesund,883 Darwin Point,Bs3SZjxY-36:405
Muffin,Beers,209-258-3570,Xiayang,84227 Carberry Circle,WAH9vwit-52:799
Blane,Whatman,658-346-0603,Dahua,45530 Debra Lane,R32pID0S-56:408
Aundrea,Yter,631-719-9497,Porteirinha,5 Southridge Plaza,OfxHuHtl-51:301
Ericka,Dyhouse,808-738-5898,Muli,65761 Donald Way,Ub3msOBs-30:362
Heriberto,Thorald,653-538-3372,Arias,649 Hayes Circle,KGmygUnf-43:138
Silvie,Lawlor,886-102-7432,Haoguantun,3 Sommers Trail,SvPUB6qg-97:668
Killie,Malthouse,179-521-9083,Lisków,3 Sauthoff Plaza,UT0OtYc2-66:223
Stephani,McCloch,395-432-5070,Xidoupu,637 Colorado Road,UlnPULJ8-61:193
Zeb,McCann,611-442-0613,Pridonskoy,1 Anzinger Street,IVPszQvw-70:829
Catlin,Fautley,963-409-9169,Naberezhnyye Chelny,07172 Meadow Vale Avenue,AAu5tgOZ-08:560
Holly,Jessen,994-734-7528,Rovnoye,68 Killdeer Junction,KzrbBn7s-99:582
Dulcy,Wilce,361-594-0915,Santos Evos,37914 Emmet Drive,C2EuMWDR-00:209
Calida,Duckerin,849-732-4234,Casselman,6 Petterle Center,OOot4ZX0-82:995
Marlo,Pursey,221-104-9543,Téra,500 Oakridge Parkway,XuJbg4Pn-96:190
Clarence,Scriviner,190-996-3436,Devin,4213 Westend Plaza,Ggmonw8k-66:764
Mada,Rowlin,585-547-6746,Bryansk,847 Del Mar Parkway,E4lzJWCL-17:540
Abram,Flight,653-579-6308,Sampangbitung,03353 Hallows Lane,Me5Sky5Z-04:499
Cati,Yvon,194-509-2061,Ozëry,509 Gulseth Crossing,OAKxOkSp-01:895
Shamus,Ludlom,448-502-5762,Néa Flogitá,526 Dunning Avenue,F2E9WiSK-79:285
Fletcher,Loudon,730-391-9113,Changqing,59601 Lakeland Court,O6niEjNV-48:343
Domingo,Deneve,974-331-1854,Catungawan Sur,13134 Toban Crossing,EVEzONUG-10:313
Domini,Popescu,558-582-2246,Heshengbao,4 Kenwood Park,Z35KGraT-66:945
Rina,Bruneton,349-132-9887,Presidente Dutra,0 Maple Wood Junction,GLnuu8sr-95:121
Archibold,Enden,561-176-2237,Limonade,560 Derek Parkway,SbvvHCS1-64:164
Tiff,Lunk,374-744-9995,New Leyte,334 Loftsgordon Drive,Cbyp7h5Q-30:561
Westbrooke,Vlahos,879-786-8862,Ārt Khwājah,6 Burrows Trail,Bx46B7OS-81:451
Carleen,Hawksworth,533-788-6368,Brongkalan,1559 Sachs Alley,MLRFOqgO-93:043
Bunnie,Hayhurst,413-653-2734,Hangbu,69732 Graedel Hill,Nq8TF6cT-34:273
Berrie,Wadley,797-363-9260,Kriel,4403 Tomscot Center,GfRKF01r-80:206
Tamra,Bendig,102-744-5468,Dziemiany,60171 Warbler Street,XJIWlmfY-78:755
Dinny,Bythell,689-785-6584,Basarabeasca,3 Macpherson Circle,UnTGSsWU-76:188
Inness,Robker,280-999-0543,Fenkeng,152 Tony Circle,DmhehwsM-67:625
Genovera,Lemmen,442-465-4061,Bungtiang Barat,1 Petterle Terrace,R5dIctZR-05:552
Muriel,Devonshire,744-155-7442,Río Colorado,61 Washington Plaza,ZFu6R8WT-19:743
Rutter,Brandi,124-228-4431,Yudai,109 Bultman Pass,I7CN3L6W-93:332
Gill,Greensted,214-635-6146,São João de Caparica,22 Swallow Trail,X737KE9v-27:315
Drusilla,Jerams,928-514-8451,Siaton,6768 Towne Point,FC2wfI13-03:192
Morley,Sear,467-123-5750,Krasnyy Klyuch,0 Bobwhite Hill,UglCuaWf-80:583
Ramona,Gayton,985-256-4205,Umeå,21688 Beilfuss Circle,XuFREbEr-41:143
Albie,Dawbury,659-708-1041,Bīleh Savār,26 Westport Pass,B7aTqWzA-85:688
Pauletta,Guisot,250-536-6088,Montreuil,8932 Weeping Birch Pass,SIierKCD-37:860
Nero,Humphris,757-705-1120,Phú Vang,3017 Esker Crossing,TV9rVoti-05:120
Aguie,Causey,934-628-5612,Heshui,69812 Hoard Drive,ETOf8T1i-09:613
Evangeline,Cuddon,518-506-9210,Cergy-Pontoise,606 Kipling Pass,DiqObcTd-10:119
Laurel,Happel,734-126-5572,Tunduma,797 Macpherson Court,MPkDokC0-86:547
Jasun,Spry,930-286-2883,Independencia,06332 Helena Road,TymCmTMc-79:985
Oralla,Filippello,901-341-6080,Český Těšín,1510 Mayer Drive,H1No2lNH-72:772
Kaleb,Magauran,690-183-5620,Pingxiang,9 Browning Trail,A6otcj6U-62:924
Henriette,Tibbotts,835-459-3527,Luoluopu,3 Spohn Plaza,QPRY4o5p-61:986
Adrianne,Gentsch,633-329-0495,Lucaya,3961 Transport Trail,A367wTIe-19:854
Sancho,Skitral,172-957-4215,Taoyuan,6563 Russell Junction,B18QmRH3-13:884
Sandie,Triggol,483-227-1787,Almendra,44 Esch Place,WNUqpJhf-69:598
Karlotte,MacPeice,938-483-2136,Valbo,931 5th Court,Kg7EIxiq-38:611
Oates,Navarro,117-274-5871,Sutton,55547 Brown Place,TBXaE0ZJ-09:320
Debora,Prescote,175-645-8453,Rust’avi,81543 Dakota Alley,WQSqa58d-45:937
Carole,Reiners,619-539-7390,Ticaco,6 Tomscot Terrace,ZyFZ7tsC-50:492
Gwendolyn,Stitfall,265-743-1189,Ýdra,8803 Southridge Avenue,WYAqjOiE-93:353
Lorilee,Toe,451-848-0091,Palmeira,0 Northfield Street,N0ffxxQU-22:885
Kirbie,Stovin,743-836-7670,Setono,928 Paget Center,PpmM5CPp-69:058
Doria,McQuaker,829-251-2969,Gœsdorf,162 Reindahl Pass,APN5lNZc-55:125
Fredericka,Snibson,218-392-3314,Baisangguan,8555 Grayhawk Place,O9f7vHk8-10:960
Maurizia,Bugg,285-889-5706,Gereshk,61 Cardinal Center,P6g9QENm-00:522
Darb,Wiley,397-656-5130,Currais,5 Myrtle Road,XZScONc0-42:760
Kele,Aire,544-610-4129,Mar del Plata,189 Mandrake Way,TdmCDlLB-57:509
Cynthea,Casetta,134-556-2615,Nynäshamn,4 Mandrake Point,B0nQf2Eb-03:633
Bent,Sor,312-533-5118,Vershino-Shakhtaminskiy,13 Carpenter Street,A0dsKccK-66:646
Dal,Dillaway,154-587-9193,Khe Tre,06 Thierer Lane,JsDN73c5-26:516
Delila,Alden,210-299-3388,San Antonio,04013 Old Gate Point,Ddc9mu5P-85:145
Caldwell,Mochan,578-119-3084,Cartagena,86 Esch Circle,VlQHQrqj-79:581
Durant,Dring,691-765-5559,Paynjuwayn,726 Chive Terrace,Q1G1XABt-76:025
James,Vassay,164-821-1946,Pedra Azul,33661 Comanche Place,C8FFlPqn-15:870
Cole,Gillio,840-962-0487,Poligny,29 Harper Place,BirZzBAE-29:880
Mathew,Laurie,826-315-3545,Urasqui,40797 Comanche Way,OLgWOIuF-85:927
Agustin,Evanson,566-427-3963,Anfu,8 Vera Plaza,LG9sGfT2-92:191
Gregorius,Rouchy,461-180-0232,Bălţi,57 Roxbury Street,Nmecp5tV-71:641
Ware,Tullis,614-200-9420,Plavsk,48400 Toban Point,ZLirBuHZ-64:736
Meredeth,Brecknell,369-787-9176,Pursat,2 Garrison Court,AdvwqEm9-43:819
Brade,Veysey,312-500-9798,Pasvalys,27913 Laurel Place,C7x5CIfj-82:660
Konrad,Lapenna,573-340-3934,Kralice na Hané,8 Bartelt Crossing,XXbM1qjN-32:378
Helge,Dorrell,625-791-0776,Netrakona,94482 Maywood Court,BI39mlCr-59:692
Rosemaria,Penketh,809-908-8136,Bom Jesus da Lapa,932 Park Meadow Hill,T7z0Puuk-52:116
Farlie,Liggens,209-812-7466,Shitang,801 Russell Drive,NgMyzmPR-39:624
Tricia,Shakespear,884-524-9789,Chengmagang,96400 Sunfield Pass,XJqNcc7o-46:646
Phaedra,Tommaseo,194-185-8022,Solna,922 Colorado Crossing,AVsstcW1-99:648
Timmy,Mohammed,825-335-6824,Muqui,2 Shasta Avenue,QpLXu3M8-36:633
Salomi,Pavek,767-291-8798,Horlivka,709 Old Shore Crossing,VLU4uuV1-15:817
Ebony,Andreini,673-842-7016,Bürenhayrhan,1402 Grim Plaza,Gf9nzHzx-83:585
Romain,Gert,490-173-0433,Libas,877 Vera Junction,Ij2uTQnj-68:958
Saundra,Michin,726-840-3505,Yeniköy,5 Loftsgordon Plaza,VswRuKNu-50:837
Darnall,Enga,877-189-5701,Zemio,811 Bay Crossing,WbX49d2k-30:369
Eran,Bunch,229-946-4322,Złoczew,49533 Arapahoe Drive,D12eXdqo-31:392
Killian,Tezure,291-153-8703,Longtou,2228 West Center,JAsV17bv-96:468
Michaella,Tweedle,459-175-2254,Faro,71 Luster Plaza,UEsWdyDS-47:943
Toma,Cawtheray,598-498-0911,Sidamulya Satu,4 Amoth Trail,UUsaRwIr-43:603
Kristen,Wolfit,110-693-2785,Modřice,66846 Browning Hill,Cfg1oxPw-12:518
Rozelle,Melhuish,941-542-8660,Ngerengere,205 Harbort Hill,IyNykQnG-94:732
Wallis,Cupper,699-912-6475,Carmo do Cajuru,7 Utah Place,LvYbVl65-35:081
Katee,Arnaudi,638-945-2644,Tangnan,513 Kingsford Pass,DjQg9CyP-43:889
Rosalyn,Shakeshaft,638-278-3840,Krebet,99525 Mccormick Junction,R2ttTyRV-75:763
Benji,Maccaddie,184-474-7410,Blois,9699 Brown Park,DmebPz1B-65:861
Hannah,Bagworth,965-923-5910,Kos,97012 Jana Way,TaKAIdCz-69:868
Hoebart,Norvel,308-149-1127,Dijon,449 Memorial Hill,FL87G2hi-41:923
Clarinda,Lansdowne,484-229-8034,Turba,5181 Union Terrace,RoptJaYe-59:833
Katheryn,Curtis,400-868-3823,Sindangjawa,79 High Crossing Way,QuNSkDaU-65:499
Jayme,Rainey,110-129-9436,Anjirmuara,490 Katie Plaza,W80vuTVD-03:300
Urbanus,Jeannin,369-637-5682,Zyuzino,0292 Hintze Junction,Fm6DpZD8-02:695
Gwynne,Gommery,778-472-0188,Yuchi,9245 Carioca Parkway,L22eIX2N-79:565
Beatriz,Odd,129-846-6073,Jinan-gun,3 Bobwhite Parkway,O8cj83Vv-20:003
Loleta,Burnep,386-291-3934,Aguas Corrientes,583 Bayside Junction,DSLUhARW-80:223
Lynea,Biles,788-748-4061,Troyes,92 Meadow Vale Road,H9OGmkaN-90:708
Gwendolyn,Johanssen,804-128-4501,Richmond,72825 Amoth Lane,LsnzVRBr-18:067
Margalo,Danilyuk,782-273-4770,Campo Viera,2165 Cherokee Hill,WHsRkZma-76:293
Trstram,Brunetti,731-230-6524,Quince Mil,5 Golden Leaf Circle,IyTgT5tj-10:317
Massimo,Wetherald,677-463-0018,Dawan,81 Delaware Road,OiUU4rNT-15:441
Deirdre,Sholem,773-151-0931,Kidodi,6057 Golf Course Alley,YHrMFWKu-97:066
Murray,Weblin,447-304-9867,Oju,568 Arapahoe Trail,A58WlUYe-34:303
Addie,Ridgwell,319-348-1450,Stavanger,46992 Ruskin Court,LqwbZKql-08:193
Hy,Aldrick,481-997-4553,Krajan Dua Patempuran,7010 John Wall Terrace,QiuBIwwg-31:851
Rudy,Leverton,907-496-0290,Paris 08,4491 Cherokee Street,F5uubCpJ-56:754
Emory,Torri,377-411-1971,Cervantes,70 Nelson Terrace,Ovn38NL2-33:348
Phedra,Hanscombe,938-597-5188,Bambor,13 Carpenter Alley,FE4mZmxS-25:251
Caesar,Steere,633-906-4970,Breda,07 Bluestem Center,Hi5gKhsk-77:114
Selia,Moralis,596-388-0361,Bull Savanna,36 Harper Pass,Li1I1zKF-83:922
Darleen,Abbotson,709-934-2741,Cabanbanan,1801 Mayfield Alley,WBuE09d3-03:880
Sarene,Christene,282-548-4442,Bourail,349 Truax Street,ReNyYA2G-92:424
Trev,Piercy,698-487-2109,Mandikbatu,725 Mifflin Place,DHz2dVw5-44:328
Birch,Croll,429-313-4015,Nanping,8 Rutledge Trail,Yz1auY6E-54:648
Brinna,Grubbe,470-304-2839,Enköping,4868 Ridgeway Court,SIzWXzgK-04:589
Oliy,Staker,569-350-2488,Gradačac,4 Monica Point,DvPvU4Xx-11:654
Caritta,Smithe,527-702-7555,Roudnice nad Labem,1 Schlimgen Drive,UGXTrWW1-04:695
Ninon,Karchowski,174-771-9570,Baiyan,5661 Hovde Way,GoKi8INE-60:728
Kellie,Costa,336-448-4007,Tiguha,558 Transport Trail,T3hT9KF7-18:367
Alexandrina,Whyffen,684-179-1331,Wangzuo,782 Hansons Terrace,GQoqbpKv-23:937
Jimmie,Bygrave,760-943-8969,Pamanukan,8 Longview Avenue,HifNg4sj-84:162
Delcina,Brodhead,330-109-3614,Xinjia,29592 Monterey Lane,GRGHgzu0-48:065
Hillard,Ciraldo,170-785-3909,Khong Chai,34 Beilfuss Circle,L2llfPhQ-03:431
Ian,Albone,354-403-1582,Североморск-3,389 Hudson Plaza,BNo5EGm5-12:790
Roxane,Pym,453-541-1810,Jinshi,3604 Vermont Hill,CPR7nMJc-67:659
Shayla,Binns,555-682-2127,Vila Nova,262 American Ash Drive,HqGDfHUv-91:831
Malvin,Kulicke,675-453-9079,Czyżowice,73 Magdeline Center,Hay6m1R2-87:097
Nathanil,Sertin,503-705-6466,Xinzhuang,05 Merry Court,OqosLtz1-87:849
Rochester,Elliss,106-831-7177,Nanmo,537 Duke Point,A8jvfqcN-30:068
Devlen,Mawer,494-135-7303,Bum Bum,20538 Pankratz Crossing,ZoZeKJYG-02:942
Edwina,Deas,174-838-0563,Bolong,7975 Continental Circle,DiquajJ0-22:294
Flin,Skule,254-421-6489,Jianshe,4 Straubel Plaza,Ph3VYCc7-19:955
Sadye,Vanichev,729-791-2098,Yantai,637 Laurel Place,WFs3zoXs-76:249
Michel,Josskowitz,920-216-0870,Delgermörön,1 Truax Road,M6cvQ6n4-21:252
Kassandra,Dalgliesh,720-856-2557,Jablah,49 Ruskin Circle,AAHPDsss-02:312
Ruthe,Pagin,806-614-4433,Aktau,801 Del Sol Pass,FCMi1rBN-54:596
Sullivan,Cappleman,992-332-1632,Adzopé,27053 Corben Place,C309nrGz-50:900
Niki,Tarbatt,438-502-6436,Siqian,30 Anthes Pass,YIxAeQ9u-73:308
Prent,Savil,484-636-5561,Chartres,68152 Spenser Pass,YGP8ED5d-08:806
Silvan,Gallgher,567-880-8241,Locminé,10844 8th Crossing,MuNSR8XW-48:922
Tony,Renzo,966-956-0881,Domsjö,25323 Clarendon Drive,M48WQhls-62:100
Grantley,Ebbetts,752-290-8570,Ōtsuchi,05828 Del Mar Park,Dy9HX0yq-24:514
Melodee,Beall,293-368-7956,Zhengji,3074 Beilfuss Terrace,Jl97i4Vi-08:027
Myca,Cody,335-586-0644,Kalisari,4 Main Trail,XO3d1Bli-32:761
Gilbert,Pahl,283-993-4283,Nusaherang,66108 Northport Trail,ZDPPIBOp-32:345
Erny,Cayton,511-895-1702,San Francisco,5720 Eagan Alley,XcOBzHtG-03:418
Jesus,Watts,479-829-6596,Shanghe,76580 Spenser Terrace,NAO6JcbW-36:482
Bevvy,Kildale,637-953-9364,Osório,804 Sachtjen Lane,KQ66KTXz-66:844
Feliks,Neward,388-485-0924,Taoyuan,2320 Roxbury Pass,UldlfH0m-10:375
Garold,MacGille,614-701-7751,Cimaung Kidul,1329 Heffernan Street,YBRHXyF5-66:226
Ilse,Longmire,880-852-1397,Narimanov,4 Mallard Park,Sx2iP9Ju-22:937
Adlai,Bishopp,787-473-6090,Lysychovo,837 Bunting Way,IIO6aIt3-54:373
Matthew,Portsmouth,170-689-9511,Santa Rita,342 Tennessee Avenue,IvrAUZIU-89:624
Carlynne,Mapledorum,438-561-9780,Shibetsu,27574 Upham Avenue,KPkLPosr-42:113
Vernen,Grigolon,425-981-5723,Sharm el-Sheikh,37 Ludington Point,YFZPXmBq-81:656
Gerianna,Sam,442-665-0520,Maguwon,163 Comanche Junction,SR66pA2c-34:883
Fulton,McFadin,836-188-6315,Hrušica,4941 Florence Park,QTdaDlQX-81:290
Renie,MacTrustie,611-691-6326,Klavdiyevo-Tarasove,305 Petterle Drive,U8GMmEmc-86:670
Odell,Cahillane,328-441-1538,Kirkland,1077 Tennessee Court,FHeBYabP-88:365
Jarib,Tremoulet,514-857-3784,Praia do Ribatejo,6372 Spohn Trail,T4npah78-42:475
Charmian,Berrisford,108-304-2970,Ciudad Ojeda,152 Kings Drive,Vyv5jlGE-15:208
Celia,O'Lochan,300-439-1767,Velventós,8 Glacier Hill Park,OprUaRQU-97:140
Caresa,Peake,922-222-2585,Stobreč,0 Katie Terrace,Z91MLJsN-30:942
Katti,Ellerton,543-252-7855,Eaubonne,4 Mandrake Point,GfONdyp2-27:042
Rosetta,Clewlow,541-659-0645,Culasian,44 Mallard Trail,Oz6wpoYq-51:790
Gwenneth,Torregiani,864-621-6961,Shanglian,679 Columbus Place,OfJk6Cte-91:060
Filmore,Haldane,321-806-9466,Velikooktyabr’skiy,79704 Ruskin Trail,CegWUkfI-49:676
Erskine,Ferschke,860-160-7968,Wolometang,1567 Petterle Junction,UgK8aGzU-69:120
Yank,Coulthard,777-856-2109,Bộc Bố,782 Crest Line Pass,LHUBRSkj-04:023
Goldina,Morilla,394-327-1368,Chãos,3 Norway Maple Point,PQC5YPgv-81:304
Kennett,Peggrem,510-727-1558,Tiepu,9 Ramsey Pass,T5vfmvPd-54:523
Had,Wapple,637-885-6944,Xinghua,65 Stoughton Road,Up4W8nxg-96:842
Ferdy,Rickert,491-457-5339,Barbosa,8918 Pond Hill,F8LkF63x-93:860
Franzen,Wickson,821-965-7667,Guapimirim,7002 Thackeray Plaza,LrnqszMt-30:637
Sela,Finnes,470-668-2768,Wushi,14 Melvin Alley,BgoPwsCp-58:930
Tremain,Sandcraft,707-758-7897,Sosándra,35 Acker Plaza,AbQIkyDi-53:543
Bartel,Ouldred,702-790-0298,Dolo,6327 John Wall Drive,UIiz4SWF-36:041
Jolee,Maken,300-786-7372,Mucllo,3119 Melrose Drive,KcEvvvIY-30:746
Meyer,Tipens,297-753-4855,Ruyigi,50 Springview Circle,MvlMyiKA-70:849
Winslow,Blinkhorn,410-560-6083,Joaquín V. González,1304 Almo Lane,PFUdQcDn-66:546
Denise,Swancott,685-443-5556,Acolla,331 Haas Center,N1Tu63lo-93:686
Jeannie,Ferrari,381-408-5270,Tromsø,038 Scofield Circle,OljZNQAO-89:237
Pippy,Eckly,706-697-8201,Jutaí,3051 Independence Point,IQDPhAFj-30:295
Kellie,Piell,586-991-9791,Biqiao,7 Tennyson Street,XkSwfAjQ-88:416
Ermengarde,Clardge,253-445-5718,Zhongxin,1024 Carioca Pass,MyNaUQvf-35:915
Silvano,Andreix,833-490-0743,Sohag,7649 Nova Parkway,AEYrPBbg-06:092
Georgeta,Kimbrough,355-461-8838,Vila Flor,5 Tennyson Way,YGHn6U8r-21:363
Monah,Kasper,815-219-6265,Guanzhou,33 Amoth Plaza,MovCLX8t-74:279
Charil,Cumberland,752-537-7302,Kebonagung,636 Arkansas Circle,CK2ppXfi-10:416
Roanna,Ceccoli,524-354-6920,Kunmi Erdi,164 Ruskin Place,HlJbXSy7-21:868
Shaun,O'Dee,620-556-6632,Starokucherganovka,862 Chive Crossing,WBHiEgvC-56:187
Delphinia,Remington,392-441-6627,Luoshanchuan,02 Northport Hill,XTOXkWsn-95:971
Christy,Halton,174-304-9905,Shangpai,926 Lawn Plaza,VxR1Z3vu-06:780
Tybalt,Marciskewski,939-175-0512,Kloangpopot,2 Harbort Place,ORQDkUQg-59:908
Glori,Kikke,319-710-5004,Iwaki,797 Dawn Avenue,Vft0zgyM-17:055
Bernadene,Thirlaway,760-889-3846,Bianzhuang,490 Heath Way,AGRrgRaS-02:245
Haily,Pigny,275-677-3439,Walagar,9 Manitowish Hill,GQT8U0X2-64:502
Queenie,Maykin,330-139-2811,Duki,57407 Jana Hill,N8JUXUAe-56:811
Derrek,Vescovini,413-805-8136,Kabaty,0075 Cardinal Alley,PksP2nkb-69:724
Dorita,Droogan,775-143-3272,Tunis,6 John Wall Street,HYhGsEH1-30:369
Byron,Mowbury,785-118-6083,Quỳ Châu,27599 Briar Crest Trail,JjDFSfis-92:041
Maridel,Chantree,252-757-9304,Kongtian,02 Bluejay Road,XQcJ3FE2-57:543
Danita,Laboune,454-879-2838,Penanggal,0 Debra Hill,IFHiICxP-66:803
Bogart,Pactat,324-586-4528,Mabay,8812 Truax Plaza,IVRmXTUC-84:706
Trent,Warder,729-722-6324,La Mesa,7 Linden Trail,W8UCvVvd-41:171
Beilul,Kersey,193-175-8494,Lianokládhion,5201 Mosinee Pass,PxZlB7N6-72:962
Thomas,Decroix,331-642-4703,Balma,57311 Thompson Court,MtuL0fZC-76:286
Ethelin,Pedwell,301-630-3546,Pozo Hondo,575 Jackson Street,T9Sb9G0q-53:880
Charlean,Cocks,509-893-3704,Goodlands,5 New Castle Crossing,AZcdKqYX-30:118
Ardine,Karpe,195-998-8930,Dagur,0670 Hanover Trail,HJpnxBWD-57:654
Catrina,McGrath,596-497-5355,Figueiras,10 Goodland Terrace,AjrphZeR-85:464
Collete,Casajuana,476-882-8850,Bulungu,258 American Circle,ZvjTl4c1-32:279
Sisely,Clouter,554-151-6581,Tomay Kichwa,35833 Gina Hill,XlN25Bk7-15:330
Elihu,Ganny,497-548-4840,Mingelchaur,21 Spaight Trail,T5VN5G21-96:391
Skelly,Antyshev,409-912-7563,Thị Trấn Nghèn,1500 Crowley Junction,BDZW1v47-74:824
Emili,Valenti,332-662-9697,Chengmagang,875 Sugar Avenue,XTDnpIo8-23:009
Rock,Tomenson,462-339-6192,Patrocínio,2 Gale Lane,NMh2JmPY-94:463
Cecil,Andreoletti,623-601-5397,Tamboril,6849 Declaration Drive,Wl1wNPuc-92:656
Almire,Ryott,515-483-0327,Marneuli,73323 Carioca Plaza,BXY44dlK-13:457
Lindsey,Thunnercliffe,228-813-5103,Palma De Mallorca,59644 Sundown Avenue,CdYEpJXX-39:590
Griselda,Izhak,309-676-6699,Maswarah,0087 Anderson Plaza,Q2pCdshO-79:746
Oliviero,Gavrielly,186-547-3434,Mendes,68 Commercial Way,GgfdeY1I-95:487
Godard,Mayworth,400-730-9989,Takatsuki,1575 Linden Pass,UKGnJUyN-10:243
Darcee,Gladbach,221-807-5936,Rychnov nad Kněžnou,40 Russell Place,Cfw21k3Q-42:588
Bartie,Hugli,402-856-0150,Cherga,044 Oneill Point,RBGmW9NO-94:543
Granville,McKinie,670-323-2912,Galis Dua,24732 Hayes Park,Cd0FU4Qp-62:046
Orin,Muriel,761-625-7406,Ihuari,66 Ridgeview Crossing,OL6t09Xd-59:752
Klara,Hexham,158-243-2568,Roczyny,2 Forest Trail,XUMm71BK-21:095
Heath,Nannizzi,730-913-6615,Ceerigaabo,75 Anthes Pass,VvFNjul6-92:666
Estell,Van Dale,548-745-8026,Hihyā,8 Crowley Alley,QEe0K21q-63:243
Osgood,Tointon,704-923-5612,Klwów,1468 Lake View Road,KfVFl9XA-19:427
Marty,Spellacey,358-348-7910,Sātkhira,6 Sunfield Way,ABGhKuKZ-36:951
Aristotle,Bridgeland,841-578-9669,Raymond,1 Randy Park,G5LiWUif-28:657
Urbano,Pleat,714-331-0833,Boa Viagem,68245 Roxbury Junction,Vi48zK8d-77:237
Gregory,Ottewill,100-191-9495,Vybor,9769 Lotheville Road,Pn1jMcZC-71:364
Oberon,Bearblock,777-152-1083,Nanxia,248 Jay Crossing,C86sqAGL-60:014
Vivien,Goscomb,909-615-7640,Travesía,2995 Johnson Parkway,PYOAPLk9-73:725
Grantham,Askaw,486-584-5584,Longkali,596 Morning Lane,FC4lYWCj-80:334
Boone,Bazley,697-445-6262,Chosica,201 Grasskamp Trail,VaONk4Gx-07:779
Marion,Gobbet,633-882-5335,Askaniya Nova,064 Crest Line Alley,IzBLrKIW-07:084
Cristine,Fuke,564-675-4908,Kristinehamn,61153 International Way,McCq69p9-10:263
Ginger,Rayworth,395-188-8319,Sarukhan,295 Kennedy Hill,J7xhqddn-76:539
Murvyn,Scowcraft,865-791-7399,Cibuah,38667 Steensland Drive,Hs90TkSt-64:277
Dorolice,Ebden,130-768-0019,Butembo,61571 Evergreen Parkway,PwLAv1Tw-23:249
Gisela,Simo,938-558-8705,Skoki,6998 Manitowish Terrace,ZTG0EYKj-80:724
Veda,Hewson,281-738-9683,Orillia,524 Erie Terrace,BFulSBPd-23:269
Sherlocke,Reardon,958-958-9306,Pyra,6 Dryden Parkway,H2NWZo1f-28:430
Stanly,Horsey,467-530-2367,Sangallaya,38 Ilene Crossing,XMzson7d-31:196
Hobard,Schrinel,365-357-6259,Tieshan,214 Graceland Center,XMVQ89kB-16:511
Davita,M'Chirrie,548-769-1743,Santa Elena,220 Glacier Hill Court,FJsFEe4I-68:131
Mackenzie,Szymanowski,513-515-2999,Cincinnati,270 Harper Circle,RqMlkM5c-78:859
Paten,Cobb,197-182-7790,Caxito,2783 Bluejay Court,JvmC9297-54:157
Nari,Pointer,616-255-0832,Juhut,86 Lakewood Gardens Drive,UCgCvcrm-43:154
Margarethe,Valeri,764-948-4105,Hŭkkyo-ri,49 Muir Road,ZVSC5k7E-22:572
Betsey,Potte,235-896-7643,Cirumput,221 Hazelcrest Junction,E1pM8uQP-80:153
Leontyne,Laba,259-648-7310,Shiqiao,492 Sachs Circle,XwWha75v-82:517
Murielle,Stack,322-352-0406,Semiluki,21 Orin Road,TSjDNZu2-27:792
Job,Whistlecraft,182-590-0381,El Hermel,7388 Pawling Park,MD8TfcX5-27:398
Spike,Waple,941-169-7073,Rzhev,08174 Fair Oaks Trail,ZDtIi1J7-08:286
Tyrone,Terbrug,973-510-7161,Fada N'gourma,52 Carioca Avenue,G5FOhOcR-14:228
Denni,Pendle,169-777-2931,Lamego,3 Monica Way,KOnIGJ8s-38:265
Arny,Blatcher,413-425-4077,Tongtuan,6 Judy Lane,DvenqdRV-76:121
Duffy,Morfett,644-309-7974,Montpellier,232 Bay Terrace,K82JW6XW-61:273
Marnie,Linforth,310-692-2265,Tippi,1 Orin Parkway,S11BNKoM-45:523
Kris,Thraves,896-507-6031,Strizhi,1404 Walton Lane,ZKdLmafm-57:768
Greg,Gutierrez,278-362-5200,Mamfe,1 Beilfuss Hill,SRypchGu-95:062
Bruis,Coldwell,368-631-7866,Chum Phuang,0534 Heath Lane,Yoc6A7oN-27:947
Tobe,Simonetti,898-383-3585,Foz do Arelho,4 Novick Parkway,Eyhm5p2K-74:847
Fae,Comport,131-705-1312,Dazi,4 Daystar Center,T4g9yVxd-96:894
Krystal,Shrubsall,213-636-3215,El Aïoun,1 Rutledge Lane,Ut4EZp3c-61:125
Maurie,Girke,412-963-1203,Uyo,005 Maywood Street,Ws1vZey5-52:100
Hammad,Cody,375-483-2135,Pengjia Zhaizi,5457 Huxley Avenue,GPIMdWHY-95:652
Glennis,Crippen,873-650-1371,Yonghe,5 Nelson Drive,J269mGWT-18:826
Ondrea,Dorr,740-494-0136,Marseille,759 Fieldstone Plaza,LHOiXUAr-12:381
Marlene,Dodgshon,844-129-5799,Talayan,956 Fuller Lane,WGEWfMhM-21:304
Tim,Matthews,553-471-8685,Itapetininga,3 Fallview Circle,OqCdAH0K-88:386
Jaclin,Deeks,826-270-3519,Camajuaní,01343 Barnett Parkway,TRsYW3Tr-58:321
Deerdre,Eastop,832-204-1102,Sātkania,109 Bunting Park,CzWJQnKH-85:715
Luther,Witherden,298-611-0113,eMbalenhle,93707 Kim Hill,JTcGEeZj-24:096
Codie,Rennick,936-193-0288,Phúc Thọ,9891 Meadow Ridge Parkway,Kikpk6VW-48:793
Yoshiko,Youings,271-511-7697,Porteirinha,06397 Orin Point,LuYPOymF-88:762
Geoffry,Beaumont,987-196-7929,Caeté,1186 Mayer Drive,WdsxJuo3-13:260
Adel,Matchitt,247-416-2513,Novokizhinginsk,23614 Sommers Park,IqIqZhWr-40:937
Grantley,Rizzello,490-787-8091,Limbaan,91705 Schlimgen Road,PBvgY1lU-71:309
Elinor,Souness,291-343-7959,Volovo,635 Grover Terrace,ALfZlcL6-42:617
Maddie,Knevett,972-418-0778,Beroroha,319 Marcy Park,PSddiWd4-18:500
Onfre,Pattini,219-957-2189,Beaufort West,7818 Evergreen Terrace,RKSaPDf5-70:872
Nessa,Petegre,717-128-1147,Pital,534 Eastwood Junction,TIULR6BQ-01:541
Carlee,Domanski,532-337-7178,Södertälje,8 Waxwing Crossing,LX3llaxE-22:842
Helyn,Brauner,842-679-5709,Nice,075 West Way,A3M3jV8j-14:782
Inga,Telezhkin,722-297-7331,Pledo,98414 Roxbury Terrace,MwPwP9Mv-51:451
Dee,Nisius,554-943-8234,Kokembang,3206 Bartillon Park,W4Am1pBt-65:048
Delmer,D'Onisi,217-130-8740,Niška Banja,5 Pepper Wood Court,RsMJxTUP-85:447
Pincas,Grzelak,965-923-1321,Mataquescuintla,876 Knutson Plaza,Ag93KCuP-95:279
Dionne,Wherrit,498-252-4333,Breves,545 Delaware Court,BQqbzmEC-38:841
Raynell,Wyeth,937-820-5277,Dayton,3145 Blackbird Parkway,DT54IBt0-20:531
Walden,Bownd,756-827-9787,Zamarski,012 Fair Oaks Plaza,VlZSYrfB-73:208
Raoul,Tollow,475-893-6614,Pysznica,12124 Cordelia Avenue,YZMKvEHM-58:551
Uri,Muzzini,975-232-6182,Nalinggou,8869 Pierstorff Place,WvGKehg1-51:846
Benton,Buessen,143-300-7349,Kolo,41979 Gulseth Circle,K9lDJ4y0-67:495
Stevie,Bellelli,793-910-8767,Pursat,06 Wayridge Alley,JiRYO1vw-65:990
Levey,Honnicott,711-113-8904,Kuzhu,7 Cordelia Terrace,JNlS546l-51:499
Borden,Geater,495-871-7415,Kosów Lacki,21033 Dennis Circle,RlVygeus-12:306
Lillis,Gaffney,261-229-3413,Karlstad,3 Stang Road,ST1d5bhu-97:859
Lucina,MacAirt,605-683-1031,Oussivo,773 Anderson Hill,Nlltvll3-43:424
Rik,McCurley,897-373-4036,Seso,6589 Corscot Parkway,TODAz9kc-81:869
Belicia,Maraga,937-477-0091,Amparafaravola,36055 Cambridge Hill,JfPPHFap-63:849
Shirl,Mebes,551-180-4464,Lille,4 Wayridge Parkway,NaBbwDQg-35:657
Dorri,Pietersma,693-192-6925,Ranot,182 Ohio Hill,DyYvZqsy-69:323
Lainey,Inworth,913-293-4103,Tangkilsari,31 Di Loreto Drive,OKTFusbb-26:642
Eilis,Maddison,857-445-1822,Mourelos,90818 Melrose Parkway,Hm4dPg84-91:825
Ruth,Puckham,112-374-2336,Mirriah,013 Bunting Center,Ds4zDHt9-41:970
Tarra,Tooley,118-200-7838,Ilihan,9 Nancy Court,R2e4Z5v4-55:900
Kane,Surgeoner,485-655-7632,San Martín Zapotitlán,31 Dovetail Plaza,BCYyTW7K-94:952
Florenza,Campbell,720-252-8328,Futtsu,49 5th Lane,OaHnMyku-75:108
Joletta,Chatain,233-912-1306,Berat,6 Hollow Ridge Point,SvDguSek-49:238
Saidee,Flewin,460-866-2343,Dangjiaxian,73 Jenna Place,RDczjr7y-18:103
Christoph,Shillito,549-108-1735,Rancabelut,9 Sugar Hill,AULgA3nB-20:777
Nathanael,North,716-730-8310,Karlovo,0 Homewood Parkway,M878hTjz-09:842
Codie,De Bruyne,799-242-0975,Banī Suhaylā,8708 Hanover Terrace,EqoQvgP6-25:865
Cathi,Willshire,569-678-7080,Novi Šeher,9 Maple Wood Place,VlJ8f7uX-26:511
Evania,Kirvell,186-824-2616,Štitar,5 Sunbrook Way,AFQnKsg7-77:844
Loni,Dietmar,385-241-5119,Tapes,58153 Northwestern Way,BDZR7Xyr-64:762
Ives,Ledeker,438-702-3457,Jiezi,7 Elmside Street,NOCRz0Yd-37:269
Kimberli,Merrison,456-203-0807,Grammatikó,1 8th Lane,Bu804XFt-07:490
Dylan,Gillean,405-324-9593,Puerto Alto,1377 5th Parkway,XnTKeWey-92:503
Meris,Ffrench,274-219-5366,Cuilco,6140 Anderson Drive,CI90KEZe-89:874
Katalin,Staziker,165-987-5215,Machetá,7 Charing Cross Park,XCFyoImu-91:231
Petrina,Yannoni,942-576-3380,Danville,58859 Barnett Alley,CSp8QXCA-79:461
Care,Camacho,203-268-8358,Waterbury,0 Westport Court,MURF4IcN-21:965
Jaclyn,Letham,921-775-8390,Jiaoqi,3631 Lyons Center,HIdhmcz0-97:809
Garek,Kornilov,262-180-8616,Všeruby,193 Havey Street,Rz4nBCfs-83:747
Corrie,McCurtain,406-937-3208,Lingcheng,77 Northport Parkway,KvT8ljZq-34:382
Edd,Dabnor,246-220-3695,Mandōl,2636 5th Center,CjtFCK0l-15:006
Caryl,Fenne,936-208-4479,Tatariv,43906 Elka Pass,Wb65tJjG-11:813
Emmet,Dupree,133-437-5630,Timiryazevo,8 Walton Hill,Xr2YipOn-55:464
Elisabetta,Foard,737-885-2747,Podedwórze,6046 Fremont Lane,BH1VBTRU-36:494
Beatrisa,Iredale,371-497-0339,Les Cèdres,5137 Vahlen Park,UUJVp1cb-57:644
Ulrike,Mar,240-208-4207,Gradil,279 Jackson Way,Yu27ao2n-17:081
Nana,Brusby,247-889-6196,Boujniba,889 Dayton Street,NoJgwhSa-22:469
Rikki,Byrnes,455-383-1464,Saḩāb,86462 David Plaza,A7lXhCNN-09:932
Cathlene,Danton,446-543-4506,Kelodan,6 American Ash Street,DCPJ90as-74:130
Alvan,Warmington,546-975-7836,Kostrzyn nad Odrą,9010 Hayes Court,HJaHyTOP-48:075
Stewart,Weymouth,101-778-2134,Oslo,89535 Grover Crossing,Ex0gSYyT-78:971
Farra,Tydd,758-668-6477,Xiangshan,715 Oxford Park,BcKGJzMf-88:735
Melisande,Garthshore,210-365-2317,Shnogh,18682 Karstens Junction,OJDx70mf-26:582
Alla,Bruhn,207-866-8732,Hongwei,9276 Ronald Regan Trail,RjY9zLps-53:497
Brewster,Jako,583-745-5076,Plereyan,612 Maple Wood Street,N7L6RmWE-51:920
Merola,Monson,579-993-5623,Hanyuan,2429 Lindbergh Hill,SreqA3C1-96:776
Klement,Pasque,658-357-8491,Ciparay,52128 Bartillon Park,N0X5Zl1U-92:227
Ginnifer,Gouch,291-296-4173,Tungguwaneng,0671 Drewry Center,Zqyz6AP0-73:878
Else,Hrinishin,928-387-9281,Dugongan,9 Cherokee Pass,IvjSOW01-13:493
Leesa,Chaffyn,342-221-9174,Évreux,5965 Spenser Junction,MjdWWZjO-47:510
Noelani,Pedrocco,584-860-5803,Urachiche,716 Thierer Way,PqCZR5jU-18:877
Tadeo,Muat,903-908-3431,Glasgow,49940 Westridge Alley,WpyaVz6J-04:617
Tommy,Willishire,159-270-6098,Cangshan,6211 Kropf Plaza,UKW7Mfmg-22:566
Kasper,Mortlock,622-617-6543,Daping,3 Amoth Park,K7HGpok0-13:722
Luis,Beeton,337-300-3520,Pinar del Río,7480 Welch Park,Oxk0HpD6-99:790
Helsa,Endicott,886-934-1401,Keren,1 Myrtle Drive,Z4AIpR0O-24:114
Dill,Heamus,494-714-5993,Nong Yasai,0697 Maryland Court,Yv8qiigp-28:765
Jorey,Pattisson,973-724-2126,San Juan,5 Southridge Avenue,K6XWVdUh-81:577
Duff,Orrick,489-780-8558,Hidalgo,6663 Springview Point,AY8QrXtc-02:178
Aubrey,Nicholson,723-281-2871,Donja Dubica,05 Bluestem Court,WDKU9Jcf-90:779
Jilleen,Brocklebank,107-673-1903,Banjar Swastika,217 Macpherson Place,N69BNKba-92:339
Vito,Peche,238-377-8373,Stylída,960 Brown Pass,JqoKUN9S-53:506
Amalita,Neeves,814-823-8637,Taguing,30 2nd Plaza,IVwbOWxd-03:903
Ursa,Haswell,207-846-5063,Huangzhuang,481 Glendale Lane,Ehl9E6hg-88:425
Pammi,Bumpas,775-431-9361,Wukou,93 Lyons Place,HyQDy8qs-88:845
Violet,Cowle,433-985-0761,Tambak,36380 Golf Course Crossing,F8dJ9pD1-57:656
Vyky,Lambarton,700-776-7778,Bulianhe,4880 Troy Crossing,I6KUiPOV-09:953
Cyndie,Euler,794-667-8641,New-Richmond,9535 Dakota Court,HCZKpvwL-72:941
Dalton,Flancinbaum,565-407-2706,Xinlin,2 Jenna Crossing,WolHyq9R-53:894
Quentin,Shevell,449-115-5276,Curpahuasi,30406 Nova Terrace,BtNhF3C7-43:469
Charlotte,Aspall,534-915-5740,Shanshu,0994 Hallows Avenue,MZ1EIgNJ-53:612
Sara,Gregori,316-621-9264,La Mula,935 Shelley Junction,HgkMa85A-95:010
Camey,Trickey,810-325-4344,Września,046 Hagan Alley,ZIZUMaLr-38:020
Jessamine,Kohneke,782-133-3288,Kavýli,66225 Randy Road,SnEuTrgs-69:626
Michelle,Garstang,533-294-7605,Ngetkib,49474 Thompson Hill,NQVDjLXW-82:788
Kiri,Huddles,918-886-8010,Cristalina,1449 Menomonie Point,CIaz4oN6-97:125
Orel,Challens,747-193-1233,Bol’shaya Setun’,7042 Gulseth Point,UlZDSlTV-47:619
Mag,Blaxall,109-448-0567,Kirgili,2 Waywood Plaza,XQRI1xeE-52:544
Britni,Ardling,551-768-0323,Suzuka,393 Mitchell Park,Ob4ENY6G-52:315
Benjy,Wycliffe,670-328-1568,Minggang,4475 Raven Drive,WMHLpNCV-97:572
Francklyn,Willson,230-979-2289,Wanzhai,845 Amoth Parkway,D5SHTzfK-00:334
Hewett,Nockalls,792-236-4791,Homeyo,2180 Dapin Plaza,Bhi6zFla-21:131
Hubert,Trever,462-194-9604,Youdian,1 Mcguire Way,G5iU1E3H-36:157
Beverlee,Falkingham,237-879-3167,Milaor,738 Sherman Terrace,PbcLABEv-55:831
Elysha,Rosling,427-624-9381,Le Havre,9840 Towne Plaza,QBZ22aJh-77:181
Alma,Ensley,416-456-4541,Shamakhi,36 Mccormick Terrace,Bf3YjQKw-17:648
Brook,Durgan,575-317-9903,Ceres,3380 Mayfield Pass,OVqTJ8F4-90:431
Clevey,Jekyll,492-277-2986,Linglong,38 Muir Point,CA34Nr10-15:056
Andy,Fosserd,533-541-4583,Héroumbili,5 Claremont Trail,D4URrNxJ-04:835
Valle,Loiterton,372-953-8936,Katumba,58 Shopko Park,AcZrQOlV-98:304
Town,Mecchi,221-772-3436,Aygek,168 Gale Crossing,NcvUwr6c-15:146
Meade,De Francisci,143-155-7804,Tiadiaye,1 Londonderry Street,PWOv35Xy-65:664
Warren,McClinton,544-714-6195,Ivanovo,766 Columbus Plaza,LQOceKDt-29:470
Rosette,Bolmann,896-185-6423,Colima,49181 Northfield Lane,CqKVIEHM-45:989
Magdalene,Jannings,196-706-1829,Kiuola,73078 Pond Court,WU7Ncd1R-17:278
Mariana,Cathersides,312-241-2393,Białobrzegi,71 School Alley,O9KWOxVM-19:601
Tucky,Cansdell,294-821-8092,Kota Kinabalu,93 Village Green Crossing,TuzaEjEN-99:702
Lena,Holdren,561-287-4324,Ural,8453 Dryden Terrace,M1uHCoTK-10:898
Dun,Ife,756-780-6154,Bucheon-si,48919 Myrtle Place,Jl5h0Kru-21:825
Annadiane,Yerrell,113-340-8180,Nahuo,137 Bonner Hill,FCK3g3sG-42:714
Glynis,Castanie,355-537-7612,Bořitov,0001 Jackson Park,UJ4qLgcG-64:017
Valle,Gercken,130-436-2933,General Villegas,15 Mesta Road,MKGUY2ep-50:580
Gael,Lovat,240-963-3151,Youchou,333 Melby Park,LuQiUlMW-62:824
Chrystel,Drees,442-451-7881,Zhouxi,41 Grayhawk Road,M1L6ogoA-81:527
Mureil,Mumm,174-708-9214,Rancageneng Satu,4858 Sloan Alley,IoTHHyJW-22:919
Barney,Chaytor,137-901-8475,Dao,55165 2nd Street,OWpgYf1H-16:681
Janette,Angel,859-848-9100,Baofeng,7394 Bunker Hill Plaza,Zcb3gioV-18:249
Georgie,Bondley,129-482-2841,Buchlovice,7339 Pierstorff Junction,QNIj1SsP-15:410
Breena,Bettam,150-422-4965,Jardin,59768 Hudson Place,Jf8WCCKs-00:611
Obidiah,Edlyne,379-198-4150,Färgelanda,1 Mesta Point,AqLun6GI-82:216
Ernestus,Bunning,538-586-7872,La Falda,32029 Hovde Lane,HLcUnf5D-98:923
Kimbell,Ireland,907-351-1270,Omaruru,02712 Westport Street,KPtUzwl1-16:199
Braden,Twyford,626-208-6504,Itanhaém,3 Scofield Hill,QEgKplJo-53:780
Bailey,Gurko,711-536-1843,Daweishan,175 Granby Alley,RKslOrpH-92:772
Raye,Delacote,273-964-2929,Pexiligais,1 Walton Place,PEXRUVfV-46:748
Carine,Fosten,886-202-9306,Lleida,14083 Mcguire Place,VXX0KE8X-36:423
Rivalee,Keatley,552-822-6503,Funafuti,91 Dayton Court,EVg0jqpi-35:683
Fitzgerald,Dight,526-561-6345,Petung,04 Monica Plaza,TQINRazG-13:314
Arron,Eccleston,686-925-5488,Piduhe,7497 Delaware Hill,Kd8PJYYc-61:128
Peyton,Chaves,181-840-8829,Ribeira das Taínhas,21408 Sycamore Terrace,ZnhZIDPV-10:249
Cosme,Megahey,910-227-5006,Montauban,29441 Gina Alley,DeIQgA2u-75:753
Amery,Verson,740-107-8540,Duayaw Nkwanta,08738 Gale Center,EWRfXIdo-40:276
Wolfie,Fremantle,878-396-0749,Trinidad,1138 Straubel Road,Cw5CpMh9-13:865
Lilllie,Millett,162-618-8526,Minusinsk,9437 Huxley Street,R4nkeYG0-55:902
Duffy,Grindlay,238-452-6749,Várzea Paulista,9 Eagan Circle,JFcGURr6-79:794
Joye,Gopsall,375-533-3363,Ban Na,5248 Springs Pass,GWSBjXLP-33:295
Audrey,Schoenfisch,304-676-3046,Gzy,9851 Sachtjen Point,DLXab5MC-61:772
Kris,Hannaway,100-232-5926,Miaofengshan,3 Boyd Drive,VSkPVlWi-82:125
Chrissy,Werndley,381-503-3339,Platagata,3927 Sunbrook Avenue,VzbMBSui-34:471
Evvie,Volkes,289-763-9565,Haykashen,94 Wayridge Park,GvspYEZN-08:950
Lacy,Broggio,266-183-7874,Álimos,674 Waubesa Parkway,Ol7bCfYG-84:105
Thorpe,Linneman,623-730-3255,Chengxiang,13402 Oneill Place,SN3qQahm-91:239
Redford,Dallon,799-115-2127,Rungkam,40611 Golden Leaf Way,JiGCcpDX-96:559
Ermina,Shiers,959-139-5747,Iúna,25 Kedzie Circle,Y2IBMtnu-59:257
Pierre,Karpmann,999-293-7397,Rancabelut,727 Bayside Pass,OPrGBawh-55:547
Ali,Gavaghan,922-867-2028,Thākurgaon,54073 Raven Street,LLmvixk6-90:784
Cate,Briereton,540-983-4431,Pakembangan,6389 Ramsey Way,XQYLpqxh-30:705
Lyndsie,Farncombe,575-527-8097,Bouças,4889 Mosinee Avenue,DqJXm5y2-49:544
Burnard,Laudham,331-817-7717,Malinovoye Ozero,27 Swallow Point,Cqy4RcQn-94:072
Madelon,Matchett,354-554-3922,Kerek,8875 New Castle Plaza,Daxvtm7C-95:702
Christos,Angrove,551-320-9678,Nizao,4 Drewry Terrace,OcpspP4k-77:407
Christabella,Waddilow,738-677-8424,Bacun,6375 Roxbury Circle,DQzDG9GV-20:874
Buiron,Slowgrave,181-264-3847,Zouila,53 Ohio Park,H0jBBI2w-43:035
Ashton,Ashbe,970-755-6185,Khu Khan,9 Granby Lane,MdHkaVPK-99:213
Heindrick,Ales0,670-378-6091,Nishi-Tokyo-shi,4 Fair Oaks Way,DzQyL2kI-91:467
Fraser,Ellwell,570-356-7381,Dziewin,90803 North Hill,SY8mqmVi-66:884
Hugh,Ferraretto,524-456-5083,Lüderitz,81703 Petterle Court,DEbtbQT9-60:376
Lynn,Redmore,856-224-3710,Kurayoshi,670 Di Loreto Plaza,XMkJaIB9-39:257
Cheston,Paolo,773-602-9679,San Francisco,2 Surrey Place,ZTF8AJeT-98:199
Karlen,McCathie,227-359-7525,Nancheng,901 Waxwing Street,G0OA0DQe-79:131
Ricki,Hiscoe,535-180-9934,Majayjay,369 Pennsylvania Parkway,UzsEOVOV-43:222
Violetta,Cocci,861-804-2074,Nansan,6 Amoth Avenue,M3OwBlp8-06:492
Haleigh,Karet,235-544-8095,Narsingdi,934 Main Way,OTPz4cPM-97:273
Moritz,Howat,554-923-4565,Imbituva,58482 Bashford Street,EWf9rl1A-61:549
Sofie,Lage,703-941-2594,Washington,309 Prairie Rose Way,NIG8xuh9-08:086
Tades,Parham,634-310-4825,Ikata-chō,614 Sunfield Street,ZVhnYnOZ-20:677
Loren,Livett,956-106-9242,Kajuru,478 Menomonie Place,JPK2dRer-31:154
Kort,Fort,547-854-4756,Sandweiler,00680 Sachtjen Lane,Ums4mSse-23:131
Rosabelle,Shaves,626-430-5286,Abaza,97597 Lotheville Hill,G8owGD9y-97:967
Etheline,Isaacs,633-168-2810,Gevgelija,72 Ramsey Avenue,NX0z3yk4-61:771
Stavro,Matys,219-789-7469,Kaduheuleut,09 South Crossing,Jaggqdye-87:759
Maurie,Embling,779-405-6201,Fontainebleau,70221 Old Shore Circle,SC9IbrqS-80:397
Cirillo,Chaney,692-686-6125,Puerto Tejada,412 Forest Way,KV4GQ5dQ-66:308
Tadio,Esche,920-712-5857,San Diego,1 Fairfield Point,Cza91iUA-12:519
Erskine,Dorey,417-874-0859,Springfield,197 Eggendart Court,QPObq10Z-46:153
Thia,McCafferky,764-140-2071,Dorotea,4587 South Center,LLrfttcU-32:532
Catina,Kopps,930-814-8505,General Martín Miguel de Güemes,57 Manitowish Plaza,Lwe7ZRIF-74:057
Fawnia,Twoohy,525-331-3425,Budrus,63 Beilfuss Junction,Bkccalo0-79:704
Andriette,Badgers,965-160-4388,Lasiana,331 Evergreen Court,KwYVSMcZ-60:830
Darda,Tizard,551-282-2567,Nizami,060 Forest Way,Lj9NlY1m-69:342
Portia,Gallant,101-929-2531,Orzesze,63888 Boyd Lane,Ra8sKQuP-55:998
Leanor,Van Der Straaten,966-171-6256,Kawerau,26 Fordem Street,Z2foDV9x-34:195
Suki,Dymocke,141-372-0580,Liancheng,1536 Granby Parkway,SSwSpReB-38:354
King,Weafer,520-143-5246,Ibarreta,3 Garrison Parkway,IegPqxP1-55:831
Tildy,Sapwell,166-323-6934,Bakungan,1187 Jana Center,W1Lxke5M-22:255
Antonius,Pickerin,923-719-7411,Mindyak,86276 Aberg Avenue,G15gT7dG-62:110
Shannah,Mulbry,702-805-1754,Saaban,6944 Wayridge Plaza,XRLL6QW3-99:564
Jordan,Frain,372-493-4886,Pendawanbaru,84 Leroy Street,W4rxFLm1-35:678
Ilka,Wolfart,303-590-3536,Denver,2 Blackbird Way,FbFCLKlb-05:626
Melba,Challen,269-250-5200,Hezhi,0954 Harbort Way,Ehi5WfAb-45:285
Karol,Stiell,167-709-7972,Woha,61755 Welch Pass,JeltwwY3-30:544
Benny,Sawforde,210-571-6451,Ōmachi,24 Mosinee Point,AGv8VX3O-64:998
Rhody,Inker,157-245-4958,Fāmenīn,7 Bartillon Pass,RVxuIfX4-05:919
Rowney,Wallhead,355-167-0570,Kekeran,836 Katie Crossing,RrNgHlvl-87:857
Alethea,Joan,458-767-3058,Fatufaun,2084 Lukken Road,Sponhunx-62:827
Burton,Millthorpe,322-190-8836,Marzhing,787 Center Terrace,YQ9Zw4iH-59:661
Renato,Sarch,954-330-0880,Fort Lauderdale,40015 Artisan Road,F3ExCNKK-72:800
Leonardo,Clemmens,598-871-3026,Nikki,250 Moose Road,PWeeB6Dg-60:790
Cesar,Blundin,302-837-8001,Long Hồ,25 Jenifer Alley,ATT01FIs-08:226
Teirtza,Yude,612-639-6667,Tuochuan,20722 Longview Road,BrW6Txi0-48:057
Federico,Austins,930-897-9255,Néa Tríglia,5258 Myrtle Alley,JKBcX8h4-13:185
Emery,Blanche,225-125-2536,Baton Rouge,2 Crest Line Avenue,MDdwW7rw-78:698
Pieter,Giveen,777-312-5142,Mahdishahr,54182 Valley Edge Alley,QIoC2UHD-68:473
Holly-anne,Marwood,652-347-3733,Pégeia,9788 Northfield Lane,Bd0YNZzc-57:697
Oliviero,Gunbie,311-493-8881,Mozirje,60 Nevada Point,Cu9aXVi9-50:447
Artair,Todari,939-572-2227,Fradelos,23791 Westerfield Center,Xrc1KQhb-97:687
Darline,Pickvance,213-736-9462,Srpska Crnja,255 Havey Street,PiZiDcu6-69:589
Kessia,Wildor,222-894-1678,Buenavista,1 Pierstorff Lane,MIKeLopB-46:006
Timmy,Lober,821-683-0847,Shchëkino,756 Schiller Circle,RtOIrKJ2-03:465
Bald,Scandrite,962-240-3819,Dongjian,4 Bartelt Lane,ISdKBvsa-83:768
Onida,Mosedale,713-309-7337,Houston,0 Lawn Parkway,KkDPFz0w-50:091
Leola,Morecomb,625-657-5773,Toba,80 Talmadge Center,T2mSASqn-55:600
Hammad,Broek,756-597-2919,Erfurt,3892 Division Avenue,U7Q2VY0P-00:170
Winfred,Mosdill,278-611-5883,Khalopyenichy,3 Valley Edge Circle,OLb9bNMJ-31:255
Franny,Hanmer,427-290-3909,Havtsal,66 Kings Terrace,HzBXEWdA-53:107
Say,Paradin,672-773-6941,Bzenec,5738 Melody Avenue,XADZtRsK-70:966
Corbie,Rowlands,499-153-5050,Normandin,8734 Declaration Junction,DbfZLQSU-93:503
Abelard,Baignard,834-493-0624,Matang,5013 Columbus Plaza,Q3hTT72X-48:503
Antonio,Greetland,735-918-4209,Sarulla,82546 Clove Circle,Kz17jRkA-32:391
De witt,McArthur,647-858-5422,Bandhagen,1738 5th Circle,LgUUfdbL-05:981
Roxane,De La Salle,720-422-3676,Saint-Ouen,31 Maryland Lane,Kd9ejE6a-28:509
Leighton,Yanez,273-148-2608,Mtsensk,7 Vahlen Court,YlLEw2Kz-90:883
Adams,Pauer,690-618-5701,Pau,0720 Golf Way,Kc0o85mr-03:023
Rosella,Gosney,226-949-7901,Obanazawa,87 Colorado Park,QIUZi4oz-51:856
Rozina,Chatelet,669-911-9717,Tianhe,4276 Menomonie Place,Ssqij1sA-23:592
Domini,Langfitt,219-737-8976,Guanfang,04 Macpherson Street,UV2GPtCJ-52:816
Shanan,Skamal,310-646-8351,Xijiang,0996 Holy Cross Avenue,QxY2Oyma-64:779
Marie,Chippindall,188-617-1157,Parbatipur,12 Bunting Place,NpTuXBm2-90:937
Ida,Biasioli,535-639-1443,Pucacaca,21 Roth Circle,LCRgIia4-01:604
Rose,Pretsel,475-711-8649,Barrie,45 Straubel Lane,Mr7HqAwE-70:997
Joane,Bourhill,302-167-2706,Paris 16,78308 Bluestem Lane,N1P6sjcu-90:510
Patsy,Gherarducci,117-209-4267,Lazdijai,1 Charing Cross Place,Hiwc9ZVQ-52:226
Ynes,Woodhead,137-480-8920,Cuispes,493 Sunfield Hill,JA8eCy1S-81:141
Benedicto,Crebott,549-686-2531,Irecê,37 Dennis Hill,PPb6gTs6-59:539
Mufi,Cisco,992-779-0237,Ariquemes,33755 Texas Avenue,K7cDEEgY-23:785
Darren,Banaszkiewicz,900-674-9859,Ciyu,28 Colorado Trail,IHFxQopP-58:994
Rochelle,Sillis,935-157-2415,Mekele,69947 Fallview Road,WYu67rXe-68:177
Ara,Millam,433-799-7615,Hekou,9 Fulton Hill,TN9GVv6U-99:312
Lora,Maskrey,110-128-9505,Hedong,59 Buena Vista Trail,OdMauDIK-51:866
Marsha,Mullenger,803-403-1307,Iwaki,2 Merrick Hill,POIDReeT-27:816
Lind,Karchewski,558-622-8601,Jiawu,48 Waubesa Center,HL1wGnHU-01:051
Karlen,Bettlestone,650-909-2287,Dobřany,504 Mallard Trail,X1Z7uS57-83:818
Oby,Berwick,480-697-7103,Scottsdale,18 Sommers Alley,CEKWxoDb-57:351
Amata,Woan,755-988-3421,Mae Sot,3068 Red Cloud Lane,EdKtDVuw-24:469
Reggis,Girardengo,171-308-7745,Las Heras,5 Sommers Terrace,QgFqSLjW-32:480
Bibi,Capini,951-747-0246,Leticia,80 Londonderry Point,OGV7E8X8-82:359
Simon,Best,301-620-3240,Wiang Chiang Rung,710 Luster Center,FYLGudkl-97:135
Ema,Linthead,713-223-9666,San Lorenzo,24 Pepper Wood Trail,Kng0J9Li-09:596
Tiphany,Tregear,436-345-3835,Lajedo,7367 Marcy Road,RZ13i4T7-20:161
Bax,Colman,763-767-1326,Miaoyu,25316 Fordem Way,IyxQ9Q6y-97:350
Robyn,Citrine,669-385-6768,Fīrūzābād,57303 Golden Leaf Crossing,NWF3k0Lk-33:514
Marcile,Kincla,711-515-2303,São Miguel do Rio Torto,3426 Dahle Alley,OlS7A6CP-16:761
Ash,Greatbanks,507-219-3101,Zhangjiachang,78380 Dixon Center,FFNYPFkP-46:200
Jaimie,Raithmill,706-301-4955,Santiago,6 Springs Court,JAcFAtzb-41:518
Ole,Cleatherow,309-429-4397,Puconci,0710 Cherokee Center,IV6CDgV7-97:400
Nedda,Skyme,386-818-8704,Mengdadazhuang,685 Novick Center,Jwi9St5n-97:565
Lisle,Joost,630-782-2412,Castrovirreyna,53 Welch Center,DhjAoXXR-90:944
Celisse,Ramalhete,187-442-0270,Diamantina,764 Bultman Junction,QhDyHIR4-52:252
Culver,Brogioni,516-111-5685,San Isidro,40 Anderson Center,L8E0b6Dt-41:946
Herve,Shoutt,870-495-9283,Outlook,43 Bashford Park,KNkBiRXs-03:851
Franklyn,Blesing,176-875-1335,Huangcun,8608 Bashford Point,KLvXvWWU-90:664
Diena,Dearnaley,998-823-0223,Santa Elena,8 Montana Lane,M1Qwclhd-34:699
Codi,Tidball,863-365-5491,Ntoum,59 Buell Hill,Unkn7eQs-81:936
Roanne,Paley,240-303-5710,Jeseník,64017 Gulseth Avenue,UCXWNioo-75:366
Meghann,Luck,232-131-7125,Starigrad,6 Lindbergh Avenue,CNQHSLkl-10:748
Bennie,Learmount,122-630-0502,Vitali,95057 Annamark Trail,SHuU3Enu-48:617
Duane,Neale,281-734-9872,Shatalovo,73719 School Street,LwJyUHSE-26:888
Errol,Touhig,818-427-9637,Liangli,886 Vidon Center,NUj3NVea-00:734
Hatti,Jovis,968-482-8740,Tambangan,554 Anderson Point,MEc0OzB2-20:687
Darrel,Graeme,478-749-5933,Lebel-sur-Quévillon,48041 Continental Circle,Shvccn8Q-54:700
Gert,Brauninger,420-619-4165,Aguasay,84 Hudson Place,Ufx7moKZ-81:004
Kain,Pimlett,577-694-6870,Świdwin,77261 Sutteridge Hill,A2DRNHC0-15:749
Vasily,Todhunter,536-258-7076,Hlusk,252 Weeping Birch Lane,PNJVRsfq-28:651
Ashleigh,Gamlen,128-498-9653,Medina,070 Springs Hill,PuRGqly7-65:419
Loleta,Reiach,662-677-3620,Bukabu,152 Novick Pass,ZjpHQ6Kv-75:418
Delmore,Chaffer,122-167-5920,Sabugal,2 Troy Pass,UhTnUKsx-15:928
Nikki,Astle,132-548-9662,Bao’an,798 Forest Plaza,VCmg7Hv1-42:274
Othello,Belison,609-110-3542,Hesi,2976 American Court,FEFx5JkZ-60:859
Neill,Sherwill,769-978-5173,Yecun,7 Leroy Drive,RRlLmEe2-12:294
Hertha,Pakenham,407-110-6924,Kuala Terengganu,404 Holmberg Circle,ZjjK6ajy-13:685
Belinda,Scamal,347-281-3050,San Onofre,894 Golf Course Trail,GTuLqty4-04:675
Carlyn,Ledbetter,854-548-4277,Sabugal,02 Stang Pass,IRZ4Jq9K-35:305
Giacomo,Godard,977-958-7559,Pancas,56117 Hoffman Court,Rl5GylfE-45:053
Frasier,Binder,344-635-7255,Fāqūs,17 Aberg Place,X8RJmrrk-26:335
Sharron,Saben,611-550-1585,Patenongan,696 Rowland Terrace,NCJ5edX1-40:573
Land,Ivanovic,329-392-9402,Maagnas,66 Heath Drive,QOFrQEjr-26:881
Emelen,Cansdale,301-777-8273,Santa Quitéria do Maranhão,833 Hanson Road,JnESOZuB-77:641
Elsey,Brion,238-456-9487,Belfast,82503 Becker Junction,KTKPAv4A-38:268
Teresa,Painten,883-571-8964,Xinyuan,893 Chinook Alley,YXgGCj4F-97:661
