1217,Kovel,33 Carioca Park,451-355-2983
4709,Kyiv,0 Muir Place,409-541-1190
4176,Shitang,03379 Continental Court,496-425-6651
3842,Shijie,439 Anzinger Point,322-254-9256
2129,Rivne,370 Waywood Road,292-529-8263
2404,Lutsk,77 Barby Trail,591-320-5681
2051,Xujia,28 Di Loreto Crossing,552-497-0049
1182,Cibeunying,90412 Hagan Terrace,584-514-1936
1437,Angoram,6 Victoria Alley,394-752-9184
1581,Paico,79736 Dakota Lane,654-922-6832
1355,Querocotillo,1 Summer Ridge Alley,765-237-8507
4957,Liangzeng,199 Division Avenue,728-295-1321
3092,Kyiv,26 Jana Park,906-722-5911
4647,Tuanalepe,61 Norway Maple Street,836-199-4729
4483,Chornomorsâ€™ke,38964 Dwight Junction,245-906-2773
3835,Bedford,1601 Thierer Junction,268-838-5224
4785,Lutsk,189 7th Point,323-643-0389
1176,Willowmore,96810 Hayes Center,458-421-8412
1420,Fucheng,03 Hoard Center,594-460-2119
2936,Rouyuan,5363 Bunting Court,463-585-0492
2313,Lviv,5 Fairfield Point,702-569-9949
2954,Kenscoff,40 Oak Valley Plaza,780-305-4884
1328,Longhua,8 Mcbride Way,551-755-9503
3120,Rubio,68 Pankratz Terrace,442-266-0943
1357,Jiayuguan,4232 Meadow Ridge Park,393-251-1185
